State,Year,Area (Hectare),Production (Tonnes),Yield (Tonne/Hectare)
Chandigarh,2011 - 2012,600,2725,4.54
Chandigarh,2012 - 2013,575,2590,4.5
Chandigarh,2013 - 2014,575,2600,4.52
Chandigarh,2014 - 2015,550,2500,4.55
Chandigarh,2015 - 2016,550,2530,4.6
Chandigarh,2016 - 2017,550,2585,4.7
Chandigarh,2017 - 2018,546,2566,4.7
Chandigarh,2018 - 2019,546,2730,5
Chandigarh,2019 - 2020,546,2457,4.5
Chandigarh,2020 - 2021,547,2735,5
Chandigarh,2021 - 2022,547,2735,5
Chandigarh,2022 - 2023,547,2735,5
Haryana,2011 - 2012,87061,423000,4.86
Haryana,2012 - 2013,87168,366000,4.2
Haryana,2013 - 2014,86000,398000,4.63
Haryana,2014 - 2015,88000,322000,3.66
Haryana,2015 - 2016,174000,797000,4.58
Haryana,2016 - 2017,87000,392000,4.51
Haryana,2017 - 2018,87200,405600,4.65
Haryana,2018 - 2019,88000,418000,4.75
Haryana,2019 - 2020,90900,380100,4.18
Haryana,2020 - 2021,93890,475080,5.06
Haryana,2021 - 2022,87884,360940,4.11
Haryana,2022 - 2023,88860,412220,4.64
Haryana,2011 - 2012,151368,650000,4.29
Haryana,2012 - 2013,162442,657000,4.04
Haryana,2013 - 2014,167000,706000,4.23
Haryana,2014 - 2015,219000,843000,3.85
Haryana,2015 - 2016,181000,714000,3.94
Haryana,2016 - 2017,180000,778000,4.32
Haryana,2017 - 2018,117400,507700,4.32
Haryana,2018 - 2019,113000,500000,4.42
Haryana,2019 - 2020,107400,449600,4.19
Haryana,2020 - 2021,116330,493120,4.24
Haryana,2021 - 2022,86914,371210,4.27
Haryana,2022 - 2023,90640,371410,4.1
Haryana,2017 - 2018,54800,225600,4.12
Haryana,2018 - 2019,54600,273000,5
Haryana,2019 - 2020,50100,228900,4.57
Haryana,2020 - 2021,5090,25390,4.99
Haryana,2021 - 2022,33188,136870,4.12
Haryana,2022 - 2023,37690,137940,3.66
Haryana,2011 - 2012,30475,150000,4.92
Haryana,2012 - 2013,31055,141000,4.54
Haryana,2013 - 2014,30000,140000,4.67
Haryana,2014 - 2015,28000,93000,3.32
Haryana,2015 - 2016,100000,399000,3.99
Haryana,2016 - 2017,30000,141000,4.7
Haryana,2017 - 2018,30000,133600,4.45
Haryana,2018 - 2019,29600,152000,5.14
Haryana,2019 - 2020,30700,128800,4.2
Haryana,2020 - 2021,30660,103320,3.37
Haryana,2021 - 2022,28646,112180,3.92
Haryana,2022 - 2023,28440,117700,4.14
Haryana,2011 - 2012,189331,1034000,5.46
Haryana,2012 - 2013,188020,880000,4.68
Haryana,2013 - 2014,189000,1005000,5.32
Haryana,2014 - 2015,190000,923000,4.86
Haryana,2015 - 2016,189000,858000,4.54
Haryana,2016 - 2017,189000,995000,5.26
Haryana,2017 - 2018,188200,1013200,5.38
Haryana,2018 - 2019,187200,1008000,5.38
Haryana,2019 - 2020,191900,931500,4.85
Haryana,2020 - 2021,189790,955970,5.04
Haryana,2021 - 2022,184207,859330,4.67
Haryana,2022 - 2023,182260,936570,5.14
Haryana,2011 - 2012,52388,258000,4.92
Haryana,2012 - 2013,44667,205000,4.59
Haryana,2013 - 2014,48000,215000,4.48
Haryana,2014 - 2015,49000,155000,3.16
Haryana,2015 - 2016,50000,215000,4.3
Haryana,2016 - 2017,48000,224000,4.67
Haryana,2017 - 2018,43000,211000,4.91
Haryana,2018 - 2019,43000,213000,4.95
Haryana,2019 - 2020,40600,205600,5.06
Haryana,2020 - 2021,41830,198320,4.74
Haryana,2021 - 2022,36086,168630,4.67
Haryana,2022 - 2023,33640,151340,4.5
Haryana,2011 - 2012,237072,1208000,5.1
Haryana,2012 - 2013,231555,987000,4.26
Haryana,2013 - 2014,226000,1012000,4.48
Haryana,2014 - 2015,230000,961000,4.18
Haryana,2015 - 2016,226000,1050000,4.65
Haryana,2016 - 2017,226000,1075000,4.76
Haryana,2017 - 2018,223900,1100400,4.91
Haryana,2018 - 2019,221100,1096000,4.96
Haryana,2019 - 2020,224300,1022800,4.56
Haryana,2020 - 2021,231250,1149780,4.97
Haryana,2021 - 2022,206860,960660,4.64
Haryana,2022 - 2023,208130,1038630,4.99
Haryana,2011 - 2012,98419,481000,4.89
Haryana,2012 - 2013,95856,377000,3.93
Haryana,2013 - 2014,98000,442000,4.51
Haryana,2014 - 2015,114000,421000,3.69
Haryana,2015 - 2016,111000,430000,3.87
Haryana,2016 - 2017,93000,473000,5.09
Haryana,2017 - 2018,106200,494300,4.65
Haryana,2018 - 2019,105200,501000,4.76
Haryana,2019 - 2020,106600,512600,4.81
Haryana,2020 - 2021,102140,462800,4.53
Haryana,2021 - 2022,80310,353360,4.4
Haryana,2022 - 2023,94710,412490,4.36
Haryana,2011 - 2012,216610,1136000,5.24
Haryana,2012 - 2013,215979,922000,4.27
Haryana,2013 - 2014,217000,987000,4.55
Haryana,2014 - 2015,219000,799000,3.65
Haryana,2015 - 2016,91000,408000,4.48
Haryana,2016 - 2017,194000,944000,4.87
Haryana,2017 - 2018,216300,1091600,5.05
Haryana,2018 - 2019,215000,1127000,5.24
Haryana,2019 - 2020,214400,1030600,4.81
Haryana,2020 - 2021,215600,1080370,5.01
Haryana,2021 - 2022,205354,956950,4.66
Haryana,2022 - 2023,202120,984620,4.87
Haryana,2011 - 2012,173134,943000,5.45
Haryana,2012 - 2013,172302,806000,4.68
Haryana,2013 - 2014,174000,838000,4.82
Haryana,2014 - 2015,175000,744000,4.25
Haryana,2015 - 2016,113000,512000,4.53
Haryana,2016 - 2017,173000,861000,4.98
Haryana,2017 - 2018,173600,838900,4.83
Haryana,2018 - 2019,215000,1057000,4.92
Haryana,2019 - 2020,182200,839000,4.6
Haryana,2020 - 2021,182000,900720,4.95
Haryana,2021 - 2022,176551,816200,4.62
Haryana,2022 - 2023,180060,847540,4.71
Haryana,2011 - 2012,171771,975000,5.68
Haryana,2012 - 2013,172790,808000,4.68
Haryana,2013 - 2014,172000,845000,4.91
Haryana,2014 - 2015,174000,704000,4.05
Haryana,2015 - 2016,27000,93000,3.44
Haryana,2016 - 2017,197000,1027000,5.21
Haryana,2017 - 2018,176000,866500,4.92
Haryana,2018 - 2019,178500,1007000,5.64
Haryana,2019 - 2020,178400,864500,4.85
Haryana,2020 - 2021,186700,967300,5.18
Haryana,2021 - 2022,176594,901510,5.1
Haryana,2022 - 2023,186280,1003050,5.38
Haryana,2011 - 2012,112004,609000,5.44
Haryana,2012 - 2013,112658,526000,4.67
Haryana,2013 - 2014,112000,546000,4.88
Haryana,2014 - 2015,113000,459000,4.06
Haryana,2015 - 2016,84000,371000,4.42
Haryana,2016 - 2017,106000,506000,4.77
Haryana,2017 - 2018,112600,542900,4.82
Haryana,2018 - 2019,113000,560000,4.96
Haryana,2019 - 2020,110400,520200,4.71
Haryana,2020 - 2021,111280,573540,5.15
Haryana,2021 - 2022,104134,443190,4.26
Haryana,2022 - 2023,105750,505730,4.78
Haryana,2011 - 2012,41029,189000,4.61
Haryana,2012 - 2013,42876,205000,4.78
Haryana,2013 - 2014,46000,231000,5.02
Haryana,2014 - 2015,49000,207000,4.22
Haryana,2015 - 2016,217000,946000,4.36
Haryana,2016 - 2017,50000,236000,4.72
Haryana,2017 - 2018,49100,209500,4.27
Haryana,2018 - 2019,44300,210000,4.74
Haryana,2019 - 2020,36600,163800,4.48
Haryana,2020 - 2021,34630,167640,4.84
Haryana,2021 - 2022,25905,120380,4.65
Haryana,2022 - 2023,30080,133200,4.43
Haryana,2011 - 2012,71378,312000,4.37
Haryana,2012 - 2013,71677,296000,4.13
Haryana,2013 - 2014,74000,318000,4.3
Haryana,2014 - 2015,77000,247000,3.21
Haryana,2015 - 2016,80000,317000,3.96
Haryana,2016 - 2017,81000,338000,4.17
Haryana,2017 - 2018,77100,332800,4.32
Haryana,2018 - 2019,76400,347000,4.54
Haryana,2019 - 2020,78700,362300,4.6
Haryana,2020 - 2021,73760,311560,4.22
Haryana,2021 - 2022,62170,264970,4.26
Haryana,2022 - 2023,68630,267460,3.9
Haryana,2011 - 2012,99588,507000,5.09
Haryana,2012 - 2013,96044,442000,4.6
Haryana,2013 - 2014,97000,441000,4.55
Haryana,2014 - 2015,105000,356000,3.39
Haryana,2015 - 2016,51000,226000,4.43
Haryana,2016 - 2017,97000,424000,4.37
Haryana,2017 - 2018,93600,425800,4.55
Haryana,2018 - 2019,95000,402000,4.23
Haryana,2019 - 2020,100700,487100,4.84
Haryana,2020 - 2021,10060,44720,4.45
Haryana,2021 - 2022,94678,439400,4.64
Haryana,2022 - 2023,97690,413960,4.24
Haryana,2011 - 2012,15987,57000,3.57
Haryana,2012 - 2013,16823,59000,3.51
Haryana,2013 - 2014,17000,59000,3.47
Haryana,2014 - 2015,18000,53000,2.94
Haryana,2015 - 2016,88000,378000,4.3
Haryana,2016 - 2017,18000,69000,3.83
Haryana,2017 - 2018,18000,67300,3.74
Haryana,2018 - 2019,18000,71000,3.94
Haryana,2019 - 2020,18800,78400,4.17
Haryana,2020 - 2021,20360,73210,3.6
Haryana,2021 - 2022,19266,72670,3.77
Haryana,2022 - 2023,19380,74260,3.83
Haryana,2011 - 2012,86807,483000,5.56
Haryana,2012 - 2013,85907,395000,4.6
Haryana,2013 - 2014,86000,421000,4.9
Haryana,2014 - 2015,84000,301000,3.58
Haryana,2015 - 2016,174000,858000,4.93
Haryana,2016 - 2017,82000,419000,5.11
Haryana,2017 - 2018,84300,437100,5.19
Haryana,2018 - 2019,83000,433000,5.22
Haryana,2019 - 2020,89800,426200,4.75
Haryana,2020 - 2021,94630,467090,4.94
Haryana,2021 - 2022,83977,388980,4.63
Haryana,2022 - 2023,83820,374960,4.47
Haryana,2011 - 2012,48291,240000,4.97
Haryana,2012 - 2013,44652,222000,4.97
Haryana,2013 - 2014,45000,222000,4.93
Haryana,2014 - 2015,50000,181000,3.62
Haryana,2015 - 2016,51000,207000,4.06
Haryana,2016 - 2017,48000,241000,5.02
Haryana,2017 - 2018,46100,225800,4.9
Haryana,2018 - 2019,41000,203000,4.95
Haryana,2019 - 2020,37700,166100,4.41
Haryana,2020 - 2021,37480,176080,4.7
Haryana,2021 - 2022,27921,127850,4.58
Haryana,2022 - 2023,33490,139090,4.15
Haryana,2011 - 2012,102483,512000,5
Haryana,2012 - 2013,104032,389000,3.74
Haryana,2013 - 2014,102000,400000,3.92
Haryana,2014 - 2015,107000,371000,3.47
Haryana,2015 - 2016,107000,418000,3.91
Haryana,2016 - 2017,105100,483000,4.6
Haryana,2017 - 2018,104400,483000,4.63
Haryana,2018 - 2019,104200,476000,4.57
Haryana,2019 - 2020,106800,461300,4.32
Haryana,2020 - 2021,42790,205050,4.79
Haryana,2021 - 2022,100983,441600,4.37
Haryana,2022 - 2023,103170,430240,4.17
Haryana,2011 - 2012,299053,1602000,5.36
Haryana,2012 - 2013,293495,1423000,4.85
Haryana,2013 - 2014,285000,1524000,5.35
Haryana,2014 - 2015,304000,1431000,4.71
Haryana,2015 - 2016,301000,1456000,4.84
Haryana,2016 - 2017,304500,1544000,5.07
Haryana,2017 - 2018,295300,1494700,5.06
Haryana,2018 - 2019,293100,1484000,5.06
Haryana,2019 - 2020,296900,1443800,4.86
Haryana,2020 - 2021,293660,1362290,4.64
Haryana,2021 - 2022,257738,1106470,4.29
Haryana,2022 - 2023,269930,1204660,4.46
Haryana,2011 - 2012,162264,894000,5.51
Haryana,2012 - 2013,141805,642000,4.53
Haryana,2013 - 2014,143000,665000,4.65
Haryana,2014 - 2015,147000,548000,3.73
Haryana,2015 - 2016,143000,637000,4.45
Haryana,2016 - 2017,144500,741000,5.13
Haryana,2017 - 2018,144400,732100,5.07
Haryana,2018 - 2019,144100,645000,4.48
Haryana,2019 - 2020,146400,716200,4.89
Haryana,2020 - 2021,143560,720530,5.02
Haryana,2021 - 2022,136834,645860,4.72
Haryana,2022 - 2023,139000,629690,4.53
Haryana,2011 - 2012,84789,456000,5.38
Haryana,2012 - 2013,85102,369000,4.34
Haryana,2013 - 2014,85000,385000,4.53
Haryana,2014 - 2015,88000,338000,3.84
Haryana,2015 - 2016,18000,60000,3.33
Haryana,2016 - 2017,89000,399000,4.48
Haryana,2017 - 2018,89000,425700,4.78
Haryana,2018 - 2019,90800,390000,4.3
Haryana,2019 - 2020,93500,457500,4.89
Haryana,2020 - 2021,96520,492350,5.1
Haryana,2022 - 2022,94499,426190,4.51
Haryana,2023 - 2023,92840,477490,5.14
Punjab,2011 - 2012,190000,945000,4.97
Punjab,2012 - 2013,190000,884000,4.65
Punjab,2013 - 2014,188000,934000,4.97
Punjab,2014 - 2015,188000,736000,3.91
Punjab,2015 - 2016,188000,842000,4.48
Punjab,2016 - 2017,188000,930000,4.95
Punjab,2017 - 2018,189000,920000,4.87
Punjab,2018 - 2019,189000,910000,4.81
Punjab,2019 - 2020,188000,852000,4.53
Punjab,2020 - 2021,189000,900000,4.76
Punjab,2021 - 2022,189300,843000,4.45
Punjab,2022 - 2023,189100,905400,4.79
Punjab,2011 - 2012,115000,615000,5.35
Punjab,2012 - 2013,114000,567000,4.97
Punjab,2013 - 2014,114000,596000,5.23
Punjab,2014 - 2015,114000,527000,4.62
Punjab,2015 - 2016,115000,565000,4.91
Punjab,2016 - 2017,114000,626000,5.49
Punjab,2017 - 2018,114000,609000,5.34
Punjab,2018 - 2019,115000,641000,5.57
Punjab,2019 - 2020,114000,599000,5.25
Punjab,2020 - 2021,113700,546000,4.8
Punjab,2021 - 2022,114800,525000,4.57
Punjab,2022 - 2023,113400,574100,5.06
Punjab,2011 - 2012,252000,1260000,5
Punjab,2012 - 2013,254000,1216000,4.79
Punjab,2013 - 2014,254000,1259000,4.96
Punjab,2014 - 2015,254000,1218000,4.8
Punjab,2015 - 2016,253000,1184000,4.68
Punjab,2016 - 2017,252000,1335000,5.3
Punjab,2017 - 2018,254000,1345000,5.3
Punjab,2018 - 2019,255000,1428000,5.6
Punjab,2019 - 2020,256000,1387000,5.42
Punjab,2020 - 2021,255600,1266000,4.95
Punjab,2021 - 2022,260700,1149000,4.41
Punjab,2022 - 2023,254000,1257300,4.95
Punjab,2011 - 2012,117000,616000,5.26
Punjab,2012 - 2013,117000,553000,4.73
Punjab,2013 - 2014,116000,601000,5.18
Punjab,2014 - 2015,116000,558000,4.81
Punjab,2015 - 2016,117000,550000,4.7
Punjab,2016 - 2017,117000,609000,5.21
Punjab,2017 - 2018,116000,619000,5.34
Punjab,2018 - 2019,116000,620000,5.34
Punjab,2019 - 2020,116000,646000,5.57
Punjab,2020 - 2021,116000,588000,5.07
Punjab,2021 - 2022,115500,529000,4.58
Punjab,2022 - 2023,115300,504500,4.38
Punjab,2011 - 2012,85000,449000,5.28
Punjab,2012 - 2013,85000,440000,5.18
Punjab,2013 - 2014,84000,427000,5.08
Punjab,2014 - 2015,84000,340000,4.05
Punjab,2015 - 2016,84000,394000,4.69
Punjab,2016 - 2017,84000,436000,5.19
Punjab,2017 - 2018,85000,454000,5.34
Punjab,2018 - 2019,85000,440000,5.18
Punjab,2019 - 2020,85000,374000,4.4
Punjab,2020 - 2021,85100,422000,4.96
Punjab,2021 - 2022,85300,290000,3.4
Punjab,2022 - 2023,84500,404700,4.79
Punjab,2012 - 2013,208000,972000,4.67
Punjab,2013 - 2014,211000,1039000,4.92
Punjab,2014 - 2015,206000,913000,4.43
Punjab,2015 - 2016,209000,939000,4.49
Punjab,2016 - 2017,207000,1023000,4.94
Punjab,2017 - 2018,210000,1007000,4.8
Punjab,2018 - 2019,208000,1052000,5.06
Punjab,2019 - 2020,206000,1016000,4.93
Punjab,2020 - 2021,207500,984000,4.74
Punjab,2021 - 2022,204100,873000,4.28
Punjab,2022 - 2023,200000,925000,4.63
Punjab,2011 - 2012,394000,1969000,5
Punjab,2012 - 2013,185000,911000,4.92
Punjab,2013 - 2014,189000,1001000,5.3
Punjab,2014 - 2015,188000,877000,4.66
Punjab,2015 - 2016,188000,862000,4.59
Punjab,2016 - 2017,184000,959000,5.21
Punjab,2017 - 2018,187000,977000,5.22
Punjab,2018 - 2019,187000,1010000,5.4
Punjab,2019 - 2020,187000,957000,5.12
Punjab,2020 - 2021,196100,967000,4.93
Punjab,2021 - 2022,187800,821000,4.37
Punjab,2022 - 2023,188700,906000,4.8
Punjab,2011 - 2012,231000,1098000,4.75
Punjab,2012 - 2013,184000,825000,4.48
Punjab,2013 - 2014,184000,822000,4.47
Punjab,2014 - 2015,187000,627000,3.35
Punjab,2015 - 2016,184000,856000,4.65
Punjab,2016 - 2017,184000,848000,4.61
Punjab,2017 - 2018,185000,876000,4.74
Punjab,2018 - 2019,184000,868000,4.72
Punjab,2019 - 2020,185000,772000,4.17
Punjab,2020 - 2021,185600,840000,4.53
Punjab,2021 - 2022,184100,777000,4.22
Punjab,2022 - 2023,185100,820400,4.43
Punjab,2011 - 2012,154000,694000,4.51
Punjab,2012 - 2013,149000,629000,4.22
Punjab,2013 - 2014,148000,671000,4.53
Punjab,2014 - 2015,150000,540000,3.6
Punjab,2015 - 2016,145000,591000,4.08
Punjab,2016 - 2017,147000,606000,4.12
Punjab,2017 - 2018,143000,620000,4.34
Punjab,2018 - 2019,144000,611000,4.24
Punjab,2019 - 2020,142000,609000,4.29
Punjab,2020 - 2021,141900,588000,4.14
Punjab,2021 - 2022,142200,515000,3.62
Punjab,2022 - 2023,141700,570800,4.03
Punjab,2011 - 2012,171000,866000,5.06
Punjab,2012 - 2013,169000,773000,4.57
Punjab,2013 - 2014,169000,837000,4.95
Punjab,2014 - 2015,167000,685000,4.1
Punjab,2015 - 2016,171000,762000,4.46
Punjab,2016 - 2017,167000,809000,4.84
Punjab,2017 - 2018,170000,861000,5.06
Punjab,2018 - 2019,170000,845000,4.97
Punjab,2019 - 2020,173000,870000,5.03
Punjab,2020 - 2021,172400,845000,4.9
Punjab,2021 - 2022,173300,732000,4.22
Punjab,2022 - 2023,173400,754300,4.35
Punjab,2011 - 2012,110000,542000,4.93
Punjab,2012 - 2013,110000,510000,4.64
Punjab,2013 - 2014,111000,548000,4.94
Punjab,2014 - 2015,110000,429000,3.9
Punjab,2015 - 2016,110000,469000,4.26
Punjab,2016 - 2017,106000,522000,4.92
Punjab,2017 - 2018,108000,523000,4.84
Punjab,2018 - 2019,109000,516000,4.73
Punjab,2019 - 2020,109000,507000,4.65
Punjab,2020 - 2021,105200,486000,4.62
Punjab,2021 - 2022,110000,439000,3.99
Punjab,2022 - 2023,108600,484300,4.46
Punjab,2011 - 2012,257000,1381000,5.37
Punjab,2012 - 2013,256000,1242000,4.85
Punjab,2013 - 2014,254000,1327000,5.22
Punjab,2014 - 2015,253000,1129000,4.46
Punjab,2015 - 2016,251000,1172000,4.67
Punjab,2016 - 2017,250000,1273000,5.09
Punjab,2017 - 2018,252000,1296000,5.14
Punjab,2018 - 2019,251000,1288000,5.13
Punjab,2019 - 2020,250000,1275000,5.1
Punjab,2020 - 2021,249700,1241000,4.97
Punjab,2021 - 2022,244200,1044000,4.28
Punjab,2022 - 2023,244700,1123400,4.59
Punjab,2021 - 2022,52400,227000,4.33
Punjab,2022 - 2023,52100,258500,4.96
Punjab,2011 - 2012,170000,841000,4.95
Punjab,2012 - 2013,171000,759000,4.44
Punjab,2013 - 2014,170000,854000,5.02
Punjab,2014 - 2015,166000,742000,4.47
Punjab,2015 - 2016,170000,789000,4.64
Punjab,2016 - 2017,171000,876000,5.12
Punjab,2017 - 2018,172000,890000,5.17
Punjab,2018 - 2019,171000,932000,5.45
Punjab,2019 - 2020,171000,922000,5.39
Punjab,2020 - 2021,171600,852000,4.97
Punjab,2021 - 2022,172500,768000,4.45
Punjab,2022 - 2023,170800,854200,5
Punjab,2011 - 2012,176000,961000,5.46
Punjab,2012 - 2013,176000,871000,4.95
Punjab,2013 - 2014,176000,922000,5.24
Punjab,2014 - 2015,175000,794000,4.54
Punjab,2015 - 2016,175000,805000,4.6
Punjab,2016 - 2017,174000,918000,5.28
Punjab,2017 - 2018,175000,908000,5.19
Punjab,2018 - 2019,175000,941000,5.38
Punjab,2019 - 2020,176000,942000,5.35
Punjab,2020 - 2021,177000,911000,5.15
Punjab,2021 - 2022,177900,778000,4.37
Punjab,2022 - 2023,178100,846300,4.75
Punjab,2011 - 2012,206000,1036000,5.03
Punjab,2012 - 2013,209000,996000,4.77
Punjab,2013 - 2014,209000,1058000,5.06
Punjab,2014 - 2015,208000,907000,4.36
Punjab,2015 - 2016,209000,969000,4.64
Punjab,2016 - 2017,213000,1093000,5.13
Punjab,2017 - 2018,211000,1108000,5.25
Punjab,2018 - 2019,214000,1192000,5.57
Punjab,2019 - 2020,214000,1168000,5.46
Punjab,2020 - 2021,215200,1087000,5.05
Punjab,2021 - 2022,219200,992000,4.53
Punjab,2022 - 2023,217100,1019100,4.69
Punjab,2011 - 2012,75000,387000,5.16
Punjab,2012 - 2013,80000,382000,4.78
Punjab,2013 - 2014,75000,371000,4.95
Punjab,2014 - 2015,76000,282000,3.71
Punjab,2015 - 2016,78000,368000,4.72
Punjab,2016 - 2017,76000,374000,4.92
Punjab,2017 - 2018,77000,385000,5
Punjab,2018 - 2019,77000,385000,5
Punjab,2019 - 2020,77000,391000,5.08
Punjab,2020 - 2021,77700,384000,4.94
Punjab,2021 - 2022,77300,299000,3.87
Punjab,2022 - 2023,78100,386300,4.95
Punjab,2012 - 2013,42000,173000,4.12
Punjab,2013 - 2014,42000,167000,3.98
Punjab,2014 - 2015,42000,115000,2.74
Punjab,2015 - 2016,41000,166000,4.05
Punjab,2016 - 2017,41000,168000,4.1
Punjab,2017 - 2018,41000,165000,4.02
Punjab,2018 - 2019,41000,163000,3.98
Punjab,2019 - 2020,40000,158000,3.95
Punjab,2020 - 2021,42000,182000,4.33
Punjab,2021 - 2022,39400,144000,3.65
Punjab,2022 - 2023,40100,160300,4
Punjab,2011 - 2012,237000,1297000,5.47
Punjab,2012 - 2013,234000,1123000,4.8
Punjab,2013 - 2014,232000,1153000,4.97
Punjab,2014 - 2015,233000,1024000,4.39
Punjab,2015 - 2016,234000,1073000,4.59
Punjab,2016 - 2017,231000,1193000,5.16
Punjab,2017 - 2018,232000,1223000,5.27
Punjab,2018 - 2019,233000,1275000,5.47
Punjab,2019 - 2020,234000,1116000,4.77
Punjab,2020 - 2021,233700,1162000,4.97
Punjab,2021 - 2022,233500,907000,3.88
Punjab,2022 - 2023,233300,1145100,4.91
Punjab,2011 - 2012,64000,297000,4.64
Punjab,2012 - 2013,63000,284000,4.51
Punjab,2013 - 2014,67000,307000,4.58
Punjab,2014 - 2015,66000,266000,4.03
Punjab,2015 - 2016,64000,274000,4.28
Punjab,2016 - 2017,68000,328000,4.82
Punjab,2017 - 2018,67000,326000,4.87
Punjab,2018 - 2019,69000,315000,4.57
Punjab,2019 - 2020,69000,299000,4.33
Punjab,2020 - 2021,68700,310000,4.51
Punjab,2021 - 2022,68600,248000,3.62
Punjab,2022 - 2023,67900,306300,4.51
Punjab,2011 - 2012,52000,249000,4.79
Punjab,2012 - 2013,54000,233000,4.31
Punjab,2013 - 2014,51000,228000,4.47
Punjab,2014 - 2015,50000,198000,3.96
Punjab,2015 - 2016,50000,232000,4.64
Punjab,2016 - 2017,50000,235000,4.7
Punjab,2017 - 2018,50000,248000,4.96
Punjab,2018 - 2019,50000,232000,4.64
Punjab,2019 - 2020,50000,226000,4.52
Punjab,2020 - 2021,48500,212000,4.37
Punjab,2021 - 2022,50100,186000,3.71
Punjab,2022 - 2023,53000,217000,4.09
Punjab,2011 - 2012,287000,1577000,5.49
Punjab,2012 - 2013,285000,1473000,5.17
Punjab,2013 - 2014,285000,1567000,5.5
Punjab,2014 - 2015,284000,1366000,4.81
Punjab,2015 - 2016,286000,1373000,4.8
Punjab,2016 - 2017,286000,1589000,5.56
Punjab,2017 - 2018,288000,1599000,5.55
Punjab,2018 - 2019,290000,1682000,5.8
Punjab,2019 - 2020,291000,1678000,5.77
Punjab,2020 - 2021,291000,1532000,5.26
Punjab,2021 - 2022,238800,989000,4.14
Punjab,2022 - 2023,238700,1257700,5.27
Punjab,2011 - 2012,185000,902000,4.88
Punjab,2012 - 2013,182000,798000,4.38
Punjab,2013 - 2014,183000,931000,5.09
Punjab,2014 - 2015,188000,777000,4.13
Punjab,2016 - 2016,186000,842000,4.53
Punjab,2017 - 2017,185000,886000,4.79
Punjab,2018 - 2018,186000,871000,4.68
Punjab,2019 - 2019,187000,916000,4.9
Punjab,2020 - 2020,188000,855000,4.55
Punjab,2021 - 2021,187000,880000,4.71
Punjab,2022 - 2022,185500,796000,4.29
Punjab,2023 - 2023,189800,886400,4.67
Rajasthan,2011 - 2012,46550,146725,3.15
Rajasthan,2012 - 2013,66027,219014,3.32
Rajasthan,2013 - 2014,56000,193073,3.45
Rajasthan,2014 - 2015,62442,131969,2.11
Rajasthan,2015 - 2016,42294,116787,2.76
Rajasthan,2016 - 2017,55466,185014,3.34
Rajasthan,2017 - 2018,40328,128011,3.17
Rajasthan,2018 - 2019,34787,120782,3.47
Rajasthan,2019 - 2020,76722,274738,3.58
Rajasthan,2020 - 2021,49918,174907,3.5
Rajasthan,2021 - 2022,46763,155101,3.32
Rajasthan,2022 - 2023,51606,167178,3.24
Rajasthan,2011 - 2012,185167,727380,3.93
Rajasthan,2012 - 2013,204967,837412,4.09
Rajasthan,2013 - 2014,208206,825344,3.96
Rajasthan,2014 - 2015,219063,757957,3.46
Rajasthan,2015 - 2016,213011,776427,3.65
Rajasthan,2016 - 2017,215678,941457,4.37
Rajasthan,2017 - 2018,203829,875183,4.29
Rajasthan,2018 - 2019,192419,883624,4.59
Rajasthan,2019 - 2020,182010,797360,4.38
Rajasthan,2020 - 2021,201390,977129,4.85
Rajasthan,2021 - 2022,144470,699995,4.85
Rajasthan,2022 - 2023,144670,644161,4.45
Rajasthan,2011 - 2012,87177,203751,2.34
Rajasthan,2012 - 2013,87975,186789,2.12
Rajasthan,2013 - 2014,89620,202260,2.26
Rajasthan,2014 - 2015,88181,195462,2.22
Rajasthan,2015 - 2016,84533,170917,2.02
Rajasthan,2016 - 2017,82693,168950,2.04
Rajasthan,2017 - 2018,87368,205912,2.36
Rajasthan,2018 - 2019,101344,259066,2.56
Rajasthan,2019 - 2020,110182,291466,2.65
Rajasthan,2020 - 2021,111783,296882,2.66
Rajasthan,2021 - 2022,124214,326052,2.62
Rajasthan,2022 - 2023,127197,317647,2.5
Rajasthan,2011 - 2012,142589,543296,3.81
Rajasthan,2012 - 2013,167037,730536,4.37
Rajasthan,2013 - 2014,162852,551485,3.39
Rajasthan,2014 - 2015,174319,667888,3.83
Rajasthan,2015 - 2016,159434,670807,4.21
Rajasthan,2016 - 2017,163267,740053,4.53
Rajasthan,2017 - 2018,115747,535052,4.62
Rajasthan,2018 - 2019,145939,724978,4.97
Rajasthan,2019 - 2020,181699,883589,4.86
Rajasthan,2020 - 2021,153218,686769,4.48
Rajasthan,2021 - 2022,124484,591306,4.75
Rajasthan,2022 - 2023,129772,572105,4.41
Rajasthan,2011 - 2012,11659,14405,1.24
Rajasthan,2012 - 2013,12613,17137,1.36
Rajasthan,2013 - 2014,14020,20346,1.45
Rajasthan,2014 - 2015,13525,14091,1.04
Rajasthan,2015 - 2016,14642,20510,1.4
Rajasthan,2016 - 2017,17612,21638,1.23
Rajasthan,2017 - 2018,14541,21974,1.51
Rajasthan,2018 - 2019,16188,27939,1.73
Rajasthan,2019 - 2020,17323,31228,1.8
Rajasthan,2020 - 2021,14237,22538,1.58
Rajasthan,2021 - 2022,11610,17766,1.53
Rajasthan,2022 - 2023,10289,18420,1.79
Rajasthan,2011 - 2012,155304,668993,4.31
Rajasthan,2012 - 2013,134784,588118,4.36
Rajasthan,2013 - 2014,155130,668117,4.31
Rajasthan,2014 - 2015,165751,604169,3.65
Rajasthan,2015 - 2016,160073,610124,3.81
Rajasthan,2016 - 2017,160510,713881,4.45
Rajasthan,2017 - 2018,156374,661118,4.23
Rajasthan,2018 - 2019,142726,675635,4.73
Rajasthan,2019 - 2020,123361,528584,4.28
Rajasthan,2020 - 2021,134130,631782,4.71
Rajasthan,2021 - 2022,90585,418130,4.62
Rajasthan,2022 - 2023,105426,469133,4.45
Rajasthan,2011 - 2012,109581,318262,2.9
Rajasthan,2012 - 2013,121786,413835,3.4
Rajasthan,2013 - 2014,124466,448391,3.6
Rajasthan,2014 - 2015,137224,281870,2.05
Rajasthan,2015 - 2016,89640,274281,3.06
Rajasthan,2016 - 2017,139795,503063,3.6
Rajasthan,2017 - 2018,102802,341133,3.32
Rajasthan,2018 - 2019,91237,340531,3.73
Rajasthan,2019 - 2020,146052,597234,4.09
Rajasthan,2020 - 2021,127868,529587,4.14
Rajasthan,2021 - 2022,123985,491265,3.96
Rajasthan,2022 - 2023,133078,484305,3.64
Rajasthan,2011 - 2012,84175,209882,2.49
Rajasthan,2012 - 2013,94731,230363,2.43
Rajasthan,2013 - 2014,116365,287266,2.47
Rajasthan,2014 - 2015,120347,242416,2.01
Rajasthan,2015 - 2016,114460,282005,2.46
Rajasthan,2016 - 2017,113183,282654,2.5
Rajasthan,2017 - 2018,108299,271413,2.51
Rajasthan,2018 - 2019,105603,287989,2.73
Rajasthan,2019 - 2020,124394,355090,2.85
Rajasthan,2020 - 2021,114379,292603,2.56
Rajasthan,2021 - 2022,103903,280645,2.7
Rajasthan,2022 - 2023,108866,275023,2.53
Rajasthan,2011 - 2012,155833,707009,4.54
Rajasthan,2012 - 2013,154109,678060,4.4
Rajasthan,2013 - 2014,160285,607915,3.79
Rajasthan,2014 - 2015,172991,368763,2.13
Rajasthan,2015 - 2016,154914,646200,4.17
Rajasthan,2016 - 2017,162248,705978,4.35
Rajasthan,2017 - 2018,146747,605429,4.13
Rajasthan,2018 - 2019,147557,658540,4.46
Rajasthan,2019 - 2020,174545,823931,4.72
Rajasthan,2020 - 2021,157202,731862,4.66
Rajasthan,2021 - 2022,149985,694044,4.63
Rajasthan,2022 - 2023,150764,678852,4.5
Rajasthan,2011 - 2012,110075,410185,3.73
Rajasthan,2012 - 2013,111860,468988,4.19
Rajasthan,2013 - 2014,123946,499258,4.03
Rajasthan,2014 - 2015,144749,412372,2.85
Rajasthan,2015 - 2016,128116,446022,3.48
Rajasthan,2016 - 2017,157881,637030,4.03
Rajasthan,2017 - 2018,153587,625979,4.08
Rajasthan,2018 - 2019,136383,596674,4.37
Rajasthan,2019 - 2020,182665,854175,4.68
Rajasthan,2020 - 2021,148391,657947,4.43
Rajasthan,2021 - 2022,137587,632656,4.6
Rajasthan,2022 - 2023,158802,711720,4.48
Rajasthan,2011 - 2012,24469,26110,1.07
Rajasthan,2012 - 2013,29668,62135,2.09
Rajasthan,2013 - 2014,33368,69914,2.1
Rajasthan,2014 - 2015,32072,51944,1.62
Rajasthan,2015 - 2016,32861,74161,2.26
Rajasthan,2016 - 2017,35143,71736,2.04
Rajasthan,2017 - 2018,33489,73283,2.19
Rajasthan,2018 - 2019,33554,77768,2.32
Rajasthan,2019 - 2020,42456,92912,2.19
Rajasthan,2020 - 2021,37809,80490,2.13
Rajasthan,2021 - 2022,36656,92175,2.51
Rajasthan,2022 - 2023,35451,84565,2.39
Rajasthan,2011 - 2012,87883,331343,3.77
Rajasthan,2012 - 2013,91312,338857,3.71
Rajasthan,2013 - 2014,95716,355461,3.71
Rajasthan,2014 - 2015,103644,373078,3.6
Rajasthan,2015 - 2016,99613,379886,3.81
Rajasthan,2016 - 2017,102485,418634,4.08
Rajasthan,2017 - 2018,90546,390089,4.31
Rajasthan,2018 - 2019,85773,371052,4.33
Rajasthan,2019 - 2020,84836,334490,3.94
Rajasthan,2020 - 2021,92650,401721,4.34
Rajasthan,2021 - 2022,68201,310543,4.55
Rajasthan,2022 - 2023,71390,300084,4.2
Rajasthan,2011 - 2012,58477,246225,4.21
Rajasthan,2012 - 2013,59520,243792,4.1
Rajasthan,2013 - 2014,61419,242823,3.95
Rajasthan,2014 - 2015,67979,232097,3.41
Rajasthan,2015 - 2016,64066,218346,3.41
Rajasthan,2016 - 2017,65844,300340,4.56
Rajasthan,2017 - 2018,61287,262663,4.29
Rajasthan,2018 - 2019,61259,271830,4.44
Rajasthan,2019 - 2020,60729,269776,4.44
Rajasthan,2020 - 2021,57673,265871,4.61
Rajasthan,2021 - 2022,42664,201978,4.73
Rajasthan,2022 - 2023,50868,238019,4.68
Rajasthan,2011 - 2012,45085,90785,2.01
Rajasthan,2012 - 2013,45749,78533,1.72
Rajasthan,2013 - 2014,47474,90477,1.91
Rajasthan,2014 - 2015,46208,86772,1.88
Rajasthan,2015 - 2016,43949,79296,1.8
Rajasthan,2016 - 2017,46988,97791,2.08
Rajasthan,2017 - 2018,47729,110597,2.32
Rajasthan,2018 - 2019,47295,101283,2.14
Rajasthan,2019 - 2020,61184,145496,2.38
Rajasthan,2020 - 2021,57948,131088,2.26
Rajasthan,2021 - 2022,66396,151554,2.28
Rajasthan,2022 - 2023,70298,154016,2.19
Rajasthan,2011 - 2012,252690,1001106,3.96
Rajasthan,2012 - 2013,243122,937270,3.86
Rajasthan,2013 - 2014,262808,1095610,4.17
Rajasthan,2014 - 2015,256659,937036,3.65
Rajasthan,2015 - 2016,274584,1037621,3.78
Rajasthan,2016 - 2017,248342,984304,3.96
Rajasthan,2017 - 2018,262110,1059309,4.04
Rajasthan,2018 - 2019,261633,1094919,4.18
Rajasthan,2019 - 2020,285384,1329576,4.66
Rajasthan,2020 - 2021,265812,1167584,4.39
Rajasthan,2021 - 2022,199197,859345,4.31
Rajasthan,2022 - 2023,223676,982937,4.39
Rajasthan,2011 - 2012,247880,896383,3.62
Rajasthan,2012 - 2013,234125,884340,3.78
Rajasthan,2013 - 2014,247706,885386,3.57
Rajasthan,2014 - 2015,255214,887259,3.48
Rajasthan,2015 - 2016,243714,973765,4
Rajasthan,2016 - 2017,240237,969073,4.03
Rajasthan,2017 - 2018,244534,1079259,4.41
Rajasthan,2018 - 2019,245123,1195063,4.88
Rajasthan,2019 - 2020,263748,1233787,4.68
Rajasthan,2020 - 2021,247470,1065445,4.31
Rajasthan,2021 - 2022,205773,854844,4.15
Rajasthan,2022 - 2023,217746,997282,4.58
Rajasthan,2011 - 2012,148076,461366,3.12
Rajasthan,2012 - 2013,151092,510277,3.38
Rajasthan,2013 - 2014,153563,473829,3.09
Rajasthan,2014 - 2015,157649,502927,3.19
Rajasthan,2015 - 2016,150350,477120,3.17
Rajasthan,2016 - 2017,157232,569358,3.62
Rajasthan,2017 - 2018,140904,512683,3.64
Rajasthan,2018 - 2019,139519,530407,3.8
Rajasthan,2019 - 2020,144542,561003,3.88
Rajasthan,2020 - 2021,145817,559695,3.84
Rajasthan,2021 - 2022,136277,529647,3.89
Rajasthan,2022 - 2023,121365,446401,3.68
Rajasthan,2011 - 2012,14076,18403,1.31
Rajasthan,2012 - 2013,13424,17467,1.3
Rajasthan,2013 - 2014,13709,18128,1.32
Rajasthan,2014 - 2015,10318,10022,0.97
Rajasthan,2015 - 2016,12514,17427,1.39
Rajasthan,2016 - 2017,9989,13824,1.38
Rajasthan,2017 - 2018,8983,16116,1.79
Rajasthan,2018 - 2019,7882,14209,1.8
Rajasthan,2019 - 2020,9466,14697,1.55
Rajasthan,2020 - 2021,7859,7521,0.96
Rajasthan,2021 - 2022,7574,11002,1.45
Rajasthan,2022 - 2023,7282,11654,1.6
Rajasthan,2011 - 2012,29980,54290,1.81
Rajasthan,2012 - 2013,28379,50464,1.78
Rajasthan,2013 - 2014,35013,77088,2.2
Rajasthan,2014 - 2015,32667,62247,1.91
Rajasthan,2015 - 2016,41041,82562,2.01
Rajasthan,2016 - 2017,52182,101978,1.95
Rajasthan,2017 - 2018,46938,100703,2.15
Rajasthan,2018 - 2019,42824,101948,2.38
Rajasthan,2019 - 2020,52807,117562,2.23
Rajasthan,2020 - 2021,47158,110312,2.34
Rajasthan,2021 - 2022,34484,83615,2.42
Rajasthan,2022 - 2023,35456,77142,2.18
Rajasthan,2011 - 2012,87563,330747,3.78
Rajasthan,2012 - 2013,86055,279018,3.24
Rajasthan,2013 - 2014,106834,329955,3.09
Rajasthan,2014 - 2015,112534,352790,3.13
Rajasthan,2015 - 2016,102108,354563,3.47
Rajasthan,2016 - 2017,109041,417546,3.83
Rajasthan,2017 - 2018,102202,413256,4.04
Rajasthan,2018 - 2019,105638,426073,4.03
Rajasthan,2019 - 2020,156254,652482,4.18
Rajasthan,2020 - 2021,120032,513457,4.28
Rajasthan,2021 - 2022,137321,602774,4.39
Rajasthan,2022 - 2023,131075,532303,4.06
Rajasthan,2011 - 2012,73708,250190,3.39
Rajasthan,2012 - 2013,84439,315480,3.74
Rajasthan,2013 - 2014,86716,346467,4
Rajasthan,2014 - 2015,88802,358018,4.03
Rajasthan,2015 - 2016,88335,311096,3.52
Rajasthan,2016 - 2017,86553,350085,4.04
Rajasthan,2017 - 2018,85956,340008,3.96
Rajasthan,2018 - 2019,77477,323290,4.17
Rajasthan,2019 - 2020,74982,305253,4.07
Rajasthan,2020 - 2021,74756,284517,3.81
Rajasthan,2021 - 2022,74091,289537,3.91
Rajasthan,2022 - 2023,63822,198052,3.1
Rajasthan,2011 - 2012,50154,136352,2.72
Rajasthan,2012 - 2013,60974,133164,2.18
Rajasthan,2013 - 2014,67879,152460,2.25
Rajasthan,2014 - 2015,67781,130806,1.93
Rajasthan,2016 - 2016,69216,136221,1.97
Rajasthan,2017 - 2017,77939,180677,2.32
Rajasthan,2018 - 2018,66071,150969,2.28
Rajasthan,2019 - 2019,63675,149730,2.35
Rajasthan,2020 - 2020,75032,203217,2.71
Rajasthan,2021 - 2021,83065,204936,2.47
Rajasthan,2022 - 2022,67736,164739,2.43
Rajasthan,2023 - 2023,67093,152463,2.27
Rajasthan,#VALUE!,75295,75295,3.94
Rajasthan,#N/A,78348,78348,3.91
Rajasthan,#N/A,83418,83418,3.75
Rajasthan,#N/A,85169,85169,3.63
Rajasthan,#N/A,78974,78974,3.54
Rajasthan,#N/A,89193,89193,4.04
Rajasthan,#N/A,75421,75421,4.24
Rajasthan,#N/A,77846,77846,4.45
Rajasthan,#N/A,74168,74168,4.26
Rajasthan,#N/A,80136,80136,4.21
Rajasthan,#N/A,65602,65602,4.44
Rajasthan,#N/A,74474,74474,4.52
Rajasthan,#N/A,111785,111785,4.18
Rajasthan,#N/A,127996,127996,4.23
Rajasthan,#N/A,138008,138008,4.01
Rajasthan,#N/A,135748,135748,2.06
Rajasthan,#N/A,120081,120081,3.9
Rajasthan,#N/A,141604,141604,4.4
Rajasthan,#N/A,120490,120490,4.17
Rajasthan,#N/A,142148,142148,4.69
Rajasthan,#N/A,166763,166763,4.35
Rajasthan,#N/A,138217,138217,4.37
Rajasthan,#N/A,108964,108964,4.8
Rajasthan,#N/A,108260,108260,4.5
Rajasthan,#N/A,56807,56807,2.51
Rajasthan,#N/A,83768,83768,2.53
Rajasthan,#N/A,75548,75548,2.51
Rajasthan,#N/A,71637,71637,2.25
Rajasthan,#N/A,60279,60279,2.66
Rajasthan,#N/A,64949,64949,2.54
Rajasthan,#N/A,53677,53677,2.66
Rajasthan,#N/A,51378,51378,2.84
Rajasthan,#N/A,68017,68017,2.81
Rajasthan,#N/A,57417,57417,2.85
Rajasthan,#N/A,45158,45158,2.88
Rajasthan,#N/A,50070,50070,2.72
Rajasthan,#N/A,48464,48464,2.21
Rajasthan,#N/A,57098,57098,2.53
Rajasthan,#N/A,47446,47446,2.73
Rajasthan,#N/A,49826,49826,2.01
Rajasthan,#N/A,61193,61193,2.57
Rajasthan,#N/A,92531,92531,2.87
Rajasthan,#N/A,82074,82074,2.64
Rajasthan,#N/A,50085,50085,2.93
Rajasthan,#N/A,100442,100442,2.75
Rajasthan,#N/A,77285,77285,3.19
Rajasthan,#N/A,44347,44347,3.04
Rajasthan,#N/A,69527,69527,2.82
Rajasthan,#N/A,55687,55687,3.48
Rajasthan,#N/A,58237,58237,3.17
Rajasthan,#N/A,65698,65698,3.93
Rajasthan,#N/A,64317,64317,3.57
Rajasthan,#N/A,56870,56870,2.78
Rajasthan,#N/A,63634,63634,3.8
Rajasthan,#N/A,64522,64522,3.41
Rajasthan,#N/A,70294,70294,4.07
Rajasthan,#N/A,88715,88715,4.01
Rajasthan,#N/A,79376,79376,3.93
Rajasthan,#N/A,100279,100279,4.14
Rajasthan,#N/A,100856,100856,4.03
Rajasthan,#N/A,32314,32314,3.12
Rajasthan,#N/A,33480,33480,3.29
Rajasthan,#N/A,30675,30675,2.93
Rajasthan,#N/A,29541,29541,2.36
Rajasthan,#N/A,25946,25946,2.74
Rajasthan,#N/A,32458,32458,3.25
Rajasthan,#N/A,34327,34327,3.27
Rajasthan,#N/A,22479,22479,2.97
Rajasthan,#N/A,33128,33128,3.42
Rajasthan,#N/A,33704,33704,4.07
Rajasthan,#N/A,28741,28741,3.63
Rajasthan,#N/A,34838,34838,3.22
Rajasthan,#N/A,70125,70125,3.29
Rajasthan,#N/A,70003,70003,3.28
Rajasthan,#N/A,77203,77203,2.83
Rajasthan,#N/A,82257,82257,3.3
Rajasthan,#N/A,69313,69313,3.33
Rajasthan,#N/A,85337,85337,4.1
Rajasthan,#N/A,64273,64273,3.92
Rajasthan,#N/A,70181,70181,4.28
Rajasthan,#N/A,73934,73934,4.37
Rajasthan,#N/A,70357,70357,4.18
Rajasthan,#N/A,62570,62570,4.23
Rajasthan,#N/A,72328,72328,3.67
Rajasthan,#N/A,100080,100080,2.92
Rajasthan,#N/A,100128,100128,3.27
Rajasthan,#N/A,101345,101345,3.27
Rajasthan,#N/A,99558,99558,3.49
Rajasthan,#N/A,92333,92333,3.5
Rajasthan,#N/A,92032,92032,3.63
Rajasthan,#N/A,86085,86085,3.32
Rajasthan,#N/A,83288,83288,3.86
Rajasthan,#N/A,84746,84746,3.49
Rajasthan,#N/A,84457,84457,3.35
Rajasthan,#N/A,79723,79723,3.61
Rajasthan,#N/A,81482,81482,3.36
Rajasthan,#N/A,37254,37254,2.71
Rajasthan,#N/A,35949,35949,2.76
Rajasthan,#N/A,34035,34035,2.76
Rajasthan,#N/A,26851,26851,2.32
Rajasthan,#N/A,34226,34226,2.68
Rajasthan,#N/A,37509,37509,2.9
Rajasthan,#N/A,22239,22239,2.98
Rajasthan,#N/A,29066,29066,3.02
Rajasthan,#N/A,33732,33732,3.18
Rajasthan,#N/A,35340,35340,3.52
Rajasthan,#N/A,29265,29265,3.18
Rajasthan,#N/A,34291,34291,3.19
Rajasthan,#N/A,67431,67431,3.46
Rajasthan,#N/A,61769,61769,3.42
Rajasthan,#N/A,58416,58416,3.42
Rajasthan,#N/A,66376,66376,2.09
Rajasthan,#N/A,51468,51468,3.13
Rajasthan,#N/A,69184,69184,3.63
Rajasthan,#N/A,45842,45842,3.33
Rajasthan,#N/A,40139,40139,3.58
Rajasthan,#N/A,59993,59993,3.83
Rajasthan,#N/A,44797,44797,3.56
Rajasthan,#N/A,37868,37868,3.88
Rajasthan,#N/A,47323,47323,3.98
Rajasthan,#N/A,71948,71948,2.8
Rajasthan,#N/A,72678,72678,2.46
Rajasthan,#N/A,70717,70717,2.84
Rajasthan,#N/A,76849,76849,2.52
Rajasthan,#N/A,74822,74822,2.82
Rajasthan,#N/A,80410,80410,3.12
Rajasthan,#N/A,80937,80937,2.84
Rajasthan,#N/A,74793,74793,2.91
Rajasthan,#N/A,83198,83198,3.16
Rajasthan,#N/A,86878,86878,2.57
Rajasthan,#N/A,103621,103621,2.53
Rajasthan,#N/A,119893,119893,2.47
Uttar Pradesh,2011 - 2012,134825,134825,3.9
Uttar Pradesh,2012 - 2013,134889,134889,3.83
Uttar Pradesh,2013 - 2014,132340,132340,3.71
Uttar Pradesh,2014 - 2015,136036,136036,2.41
Uttar Pradesh,2015 - 2016,120903,120903,3.23
Uttar Pradesh,2016 - 2017,128553,128553,4.08
Uttar Pradesh,2017 - 2018,137141,137141,4.04
Uttar Pradesh,2018 - 2019,132369,132369,4.37
Uttar Pradesh,2019 - 2020,137283,137283,4.04
Uttar Pradesh,2020 - 2021,137658,137658,4.26
Uttar Pradesh,2021 - 2022,141532,141532,4.05
Uttar Pradesh,2022 - 2023,130922,130922,4.22
Uttar Pradesh,2011 - 2012,217820,217820,3.77
Uttar Pradesh,2012 - 2013,218374,218374,3.47
Uttar Pradesh,2013 - 2014,225289,225289,3.6
Uttar Pradesh,2014 - 2015,223267,223267,2.45
Uttar Pradesh,2015 - 2016,216572,216572,3.28
Uttar Pradesh,2016 - 2017,218163,218163,3.98
Uttar Pradesh,2017 - 2018,223557,223557,4.3
Uttar Pradesh,2018 - 2019,221798,221798,4.27
Uttar Pradesh,2019 - 2020,223574,223574,4.12
Uttar Pradesh,2020 - 2021,223574,223574,4.18
Uttar Pradesh,2021 - 2022,232606,232606,4.19
Uttar Pradesh,2022 - 2023,182135,182135,4.2
Uttar Pradesh,2011 - 2012,216174,216174,2.64
Uttar Pradesh,2012 - 2013,220342,220342,2.49
Uttar Pradesh,2013 - 2014,214421,214421,2.44
Uttar Pradesh,2014 - 2015,213258,213258,1.36
Uttar Pradesh,2015 - 2016,234879,234879,1.91
Uttar Pradesh,2016 - 2017,223336,223336,3
Uttar Pradesh,2017 - 2018,210205,210205,3.76
Uttar Pradesh,2018 - 2019,210752,210752,3.55
Uttar Pradesh,2019 - 2020,210714,210714,2.82
Uttar Pradesh,2020 - 2021,210752,210752,3.59
Uttar Pradesh,2021 - 2022,222277,222277,2.87
Uttar Pradesh,2022 - 2023,244722,244722,2.3
Uttar Pradesh,2011 - 2012,118006,118006,3.36
Uttar Pradesh,2012 - 2013,117083,117083,3.34
Uttar Pradesh,2013 - 2014,118419,118419,3.44
Uttar Pradesh,2014 - 2015,120131,120131,2.3
Uttar Pradesh,2015 - 2016,120248,120248,3.18
Uttar Pradesh,2016 - 2017,119766,119766,3.55
Uttar Pradesh,2017 - 2018,117806,117806,4.11
Uttar Pradesh,2018 - 2019,119235,119235,4.1
Uttar Pradesh,2019 - 2020,119046,119046,3.92
Uttar Pradesh,2020 - 2021,119547,119547,3.84
Uttar Pradesh,2021 - 2022,123724,123724,3.68
Uttar Pradesh,2022 - 2023,118413,118413,3.4
Uttar Pradesh,2011 - 2012,125328,125328,2.87
Uttar Pradesh,2012 - 2013,126450,126450,3.06
Uttar Pradesh,2013 - 2014,127180,127180,2.38
Uttar Pradesh,2014 - 2015,95382,95382,1.82
Uttar Pradesh,2015 - 2016,93992,93992,2.38
Uttar Pradesh,2016 - 2017,126984,126984,3.06
Uttar Pradesh,2017 - 2018,128799,128799,3.88
Uttar Pradesh,2018 - 2019,129363,129363,3.54
Uttar Pradesh,2019 - 2020,126155,126155,3.09
Uttar Pradesh,2020 - 2021,127185,127185,3.88
Uttar Pradesh,2021 - 2022,138543,138543,3.22
Uttar Pradesh,2022 - 2023,129528,129528,2.95
Uttar Pradesh,2011 - 2012,91042,91042,3.16
Uttar Pradesh,2012 - 2013,90059,90059,3.21
Uttar Pradesh,2013 - 2014,92633,92633,3.29
Uttar Pradesh,2014 - 2015,91563,91563,2.11
Uttar Pradesh,2015 - 2016,92461,92461,2.96
Uttar Pradesh,2016 - 2017,92704,92704,3.51
Uttar Pradesh,2017 - 2018,90058,90058,3.71
Uttar Pradesh,2018 - 2019,88417,88417,3.81
Uttar Pradesh,2019 - 2020,89939,89939,3.87
Uttar Pradesh,2020 - 2021,92094,92094,4.02
Uttar Pradesh,2021 - 2022,96101,96101,3.95
Uttar Pradesh,2022 - 2023,92734,92734,4.11
Uttar Pradesh,2011 - 2012,101534,101534,3.85
Uttar Pradesh,2012 - 2013,103644,103644,3.63
Uttar Pradesh,2013 - 2014,104354,104354,3.81
Uttar Pradesh,2014 - 2015,104341,104341,2.26
Uttar Pradesh,2015 - 2016,108461,108461,3.08
Uttar Pradesh,2016 - 2017,99678,99678,4.02
Uttar Pradesh,2017 - 2018,102134,102134,3.88
Uttar Pradesh,2018 - 2019,101049,101049,4.14
Uttar Pradesh,2019 - 2020,102910,102910,3.88
Uttar Pradesh,2020 - 2021,102110,102110,4.15
Uttar Pradesh,2021 - 2022,105757,105757,3.97
Uttar Pradesh,2022 - 2023,103008,103008,4.17
Uttar Pradesh,2011 - 2012,230874,230874,2.89
Uttar Pradesh,2012 - 2013,235690,235690,2.94
Uttar Pradesh,2013 - 2014,232130,232130,3.09
Uttar Pradesh,2014 - 2015,243897,243897,2.12
Uttar Pradesh,2015 - 2016,231153,231153,2.73
Uttar Pradesh,2016 - 2017,231994,231994,3.35
Uttar Pradesh,2017 - 2018,235094,235094,3.44
Uttar Pradesh,2018 - 2019,230824,230824,3.69
Uttar Pradesh,2019 - 2020,232369,232369,3.45
Uttar Pradesh,2020 - 2021,240293,240293,3.54
Uttar Pradesh,2021 - 2022,244953,244953,3.47
Uttar Pradesh,2022 - 2023,234260,234260,3.59
Uttar Pradesh,2011 - 2012,54923,54923,4.24
Uttar Pradesh,2012 - 2013,53718,53718,4.45
Uttar Pradesh,2013 - 2014,55347,55347,4.5
Uttar Pradesh,2014 - 2015,51752,51752,3.39
Uttar Pradesh,2015 - 2016,52596,52596,4.14
Uttar Pradesh,2016 - 2017,53849,53849,4.74
Uttar Pradesh,2017 - 2018,56716,56716,4.43
Uttar Pradesh,2018 - 2019,54904,54904,4.56
Uttar Pradesh,2019 - 2020,55446,55446,4.52
Uttar Pradesh,2020 - 2021,55427,55427,4.57
Uttar Pradesh,2021 - 2022,57237,57237,4.55
Uttar Pradesh,2022 - 2023,54815,54815,4.54
Uttar Pradesh,2011 - 2012,152855,152855,3.07
Uttar Pradesh,2012 - 2013,160153,160153,2.84
Uttar Pradesh,2013 - 2014,167831,167831,3.23
Uttar Pradesh,2014 - 2015,165865,165865,2.38
Uttar Pradesh,2015 - 2016,183146,183146,2.66
Uttar Pradesh,2016 - 2017,159626,159626,3.16
Uttar Pradesh,2017 - 2018,167795,167795,3.75
Uttar Pradesh,2018 - 2019,160300,160300,3.79
Uttar Pradesh,2019 - 2020,157415,157415,3.06
Uttar Pradesh,2020 - 2021,161971,161971,3.49
Uttar Pradesh,2021 - 2022,165334,165334,3.52
Uttar Pradesh,2022 - 2023,187662,187662,3.24
Uttar Pradesh,2011 - 2012,139319,139319,3.25
Uttar Pradesh,2012 - 2013,135902,135902,3.38
Uttar Pradesh,2013 - 2014,137861,137861,2.87
Uttar Pradesh,2014 - 2015,141821,141821,2.27
Uttar Pradesh,2015 - 2016,139202,139202,2.71
Uttar Pradesh,2016 - 2017,137665,137665,3.94
Uttar Pradesh,2017 - 2018,136892,136892,3.62
Uttar Pradesh,2018 - 2019,136836,136836,3.84
Uttar Pradesh,2019 - 2020,137020,137020,3.81
Uttar Pradesh,2020 - 2021,137921,137921,3.77
Uttar Pradesh,2021 - 2022,142473,142473,3.77
Uttar Pradesh,2022 - 2023,147717,147717,3.48
Uttar Pradesh,2011 - 2012,83270,83270,2.88
Uttar Pradesh,2012 - 2013,87826,87826,2.72
Uttar Pradesh,2013 - 2014,85817,85817,2.76
Uttar Pradesh,2014 - 2015,90246,90246,2.1
Uttar Pradesh,2015 - 2016,85833,85833,2.39
Uttar Pradesh,2016 - 2017,87648,87648,2.87
Uttar Pradesh,2017 - 2018,82709,82709,3.65
Uttar Pradesh,2018 - 2019,85602,85602,3.5
Uttar Pradesh,2019 - 2020,88122,88122,3.68
Uttar Pradesh,2020 - 2021,87202,87202,3.4
Uttar Pradesh,2021 - 2022,89161,89161,3.3
Uttar Pradesh,2022 - 2023,105224,105224,3.05
Uttar Pradesh,2011 - 2012,151114,151114,2.09
Uttar Pradesh,2012 - 2013,153753,153753,2.23
Uttar Pradesh,2013 - 2014,164065,164065,1.9
Uttar Pradesh,2014 - 2015,151692,151692,0.91
Uttar Pradesh,2015 - 2016,22873,22873,1.2
Uttar Pradesh,2016 - 2017,197157,197157,2.34
Uttar Pradesh,2017 - 2018,158943,158943,2.29
Uttar Pradesh,2018 - 2019,159768,159768,3.06
Uttar Pradesh,2019 - 2020,161834,161834,2.85
Uttar Pradesh,2020 - 2021,161837,161837,2.81
Uttar Pradesh,2021 - 2022,167353,167353,3.02
Uttar Pradesh,2022 - 2023,193742,193742,3.28
Uttar Pradesh,2011 - 2012,161038,161038,3.51
Uttar Pradesh,2012 - 2013,162341,162341,3.72
Uttar Pradesh,2013 - 2014,166533,166533,3.55
Uttar Pradesh,2014 - 2015,165449,165449,2.37
Uttar Pradesh,2015 - 2016,167622,167622,2.97
Uttar Pradesh,2016 - 2017,166970,166970,3.64
Uttar Pradesh,2017 - 2018,168346,168346,4.02
Uttar Pradesh,2018 - 2019,162367,162367,3.95
Uttar Pradesh,2019 - 2020,166367,166367,4.04
Uttar Pradesh,2020 - 2021,166827,166827,4.33
Uttar Pradesh,2021 - 2022,173546,173546,4.04
Uttar Pradesh,2022 - 2023,165972,165972,3.79
Uttar Pradesh,2011 - 2012,199705,199705,3.25
Uttar Pradesh,2012 - 2013,200363,200363,3.07
Uttar Pradesh,2013 - 2014,200048,200048,3.15
Uttar Pradesh,2014 - 2015,212598,212598,1.86
Uttar Pradesh,2015 - 2016,209611,209611,2.93
Uttar Pradesh,2016 - 2017,214079,214079,3.66
Uttar Pradesh,2017 - 2018,195118,195118,3.67
Uttar Pradesh,2018 - 2019,198541,198541,3.91
Uttar Pradesh,2019 - 2020,199331,199331,3.16
Uttar Pradesh,2020 - 2021,200048,200048,3.87
Uttar Pradesh,2021 - 2022,208130,208130,3.91
Uttar Pradesh,2022 - 2023,207246,207246,4.07
Uttar Pradesh,2011 - 2012,116212,116212,3.15
Uttar Pradesh,2012 - 2013,119061,119061,2.91
Uttar Pradesh,2013 - 2014,119033,119033,3.22
Uttar Pradesh,2014 - 2015,119630,119630,2.12
Uttar Pradesh,2015 - 2016,113071,113071,2.62
Uttar Pradesh,2016 - 2017,119425,119425,3.18
Uttar Pradesh,2017 - 2018,119616,119616,3.94
Uttar Pradesh,2018 - 2019,119476,119476,3.76
Uttar Pradesh,2019 - 2020,120160,120160,3.07
Uttar Pradesh,2020 - 2021,119730,119730,3.56
Uttar Pradesh,2021 - 2022,124347,124347,3.64
Uttar Pradesh,2022 - 2023,141055,141055,3.42
Uttar Pradesh,2011 - 2012,109325,109325,3.2
Uttar Pradesh,2012 - 2013,103369,103369,3.19
Uttar Pradesh,2013 - 2014,147955,147955,3.3
Uttar Pradesh,2014 - 2015,116552,116552,2.7
Uttar Pradesh,2015 - 2016,99699,99699,3.1
Uttar Pradesh,2016 - 2017,148013,148013,3.46
Uttar Pradesh,2017 - 2018,157273,157273,3.62
Uttar Pradesh,2018 - 2019,148627,148627,3.75
Uttar Pradesh,2019 - 2020,145884,145884,3.5
Uttar Pradesh,2020 - 2021,155416,155416,3.81
Uttar Pradesh,2021 - 2022,160351,160351,3.75
Uttar Pradesh,2022 - 2023,152517,152517,3.79
Uttar Pradesh,2011 - 2012,293435,293435,3.47
Uttar Pradesh,2012 - 2013,230265,230265,3.32
Uttar Pradesh,2013 - 2014,245390,245390,3.65
Uttar Pradesh,2014 - 2015,255586,255586,2.11
Uttar Pradesh,2015 - 2016,251324,251324,2.83
Uttar Pradesh,2016 - 2017,233621,233621,3.51
Uttar Pradesh,2017 - 2018,222879,222879,3.69
Uttar Pradesh,2018 - 2019,226358,226358,3.89
Uttar Pradesh,2019 - 2020,250941,250941,4.08
Uttar Pradesh,2020 - 2021,232327,232327,3.91
Uttar Pradesh,2021 - 2022,241713,241713,3.89
Uttar Pradesh,2022 - 2023,215342,215342,4.24
Uttar Pradesh,2011 - 2012,197682,197682,4.22
Uttar Pradesh,2012 - 2013,193944,193944,4.03
Uttar Pradesh,2013 - 2014,191272,191272,4.12
Uttar Pradesh,2014 - 2015,195559,195559,2.73
Uttar Pradesh,2015 - 2016,197838,197838,3.87
Uttar Pradesh,2016 - 2017,195357,195357,4.27
Uttar Pradesh,2017 - 2018,191410,191410,4.54
Uttar Pradesh,2018 - 2019,201066,201066,4.53
Uttar Pradesh,2019 - 2020,192762,192762,4.38
Uttar Pradesh,2020 - 2021,194116,194116,4.4
Uttar Pradesh,2021 - 2022,201958,201958,4.44
Uttar Pradesh,2022 - 2023,195453,195453,4.29
Uttar Pradesh,2011 - 2012,92874,92874,2.54
Uttar Pradesh,2012 - 2013,101444,101444,2.99
Uttar Pradesh,2013 - 2014,102339,102339,2.63
Uttar Pradesh,2014 - 2015,95462,95462,1.47
Uttar Pradesh,2015 - 2016,97645,97645,1.92
Uttar Pradesh,2016 - 2017,98193,98193,2.88
Uttar Pradesh,2017 - 2018,111873,111873,3.37
Uttar Pradesh,2018 - 2019,101842,101842,3.75
Uttar Pradesh,2019 - 2020,100039,100039,3.41
Uttar Pradesh,2020 - 2021,99917,99917,3.64
Uttar Pradesh,2021 - 2022,105445,105445,3.52
Uttar Pradesh,2022 - 2023,114959,114959,3.18
Uttar Pradesh,2011 - 2012,48561,48561,2.5
Uttar Pradesh,2012 - 2013,54253,54253,2.41
Uttar Pradesh,2013 - 2014,52387,52387,1.96
Uttar Pradesh,2014 - 2015,54500,54500,1.12
Uttar Pradesh,2015 - 2016,59917,59917,1.19
Uttar Pradesh,2016 - 2017,49779,49779,3.1
Uttar Pradesh,2017 - 2018,49779,49779,2.64
Uttar Pradesh,2018 - 2019,49808,49808,2.71
Uttar Pradesh,2019 - 2020,53793,53793,2.65
Uttar Pradesh,2020 - 2021,49779,49779,3.31
Uttar Pradesh,2021 - 2022,50750,50750,3.19
Uttar Pradesh,2022 - 2023,79992,79992,3.14
Uttar Pradesh,2011 - 2012,148224,148224,3.08
Uttar Pradesh,2012 - 2013,155756,155756,3.11
Uttar Pradesh,2013 - 2014,156285,156285,3.02
Uttar Pradesh,2014 - 2015,155105,155105,1.88
Uttar Pradesh,2016 - 2016,156721,156721,2.54
Uttar Pradesh,2017 - 2017,152148,152148,3.34
Uttar Pradesh,2018 - 2018,153401,153401,3.14
Uttar Pradesh,2019 - 2019,152006,152006,3.33
Uttar Pradesh,2020 - 2020,153059,153059,3.36
Uttar Pradesh,2021 - 2021,153125,153125,3.48
Uttar Pradesh,2022 - 2022,159816,159816,3.35
Uttar Pradesh,2023 - 2023,172605,172605,3.68
Uttar Pradesh,#N/A,135549,475641,3.51
Uttar Pradesh,#N/A,136461,462193,3.39
Uttar Pradesh,#N/A,134108,484935,3.62
Uttar Pradesh,#N/A,133604,264536,1.98
Uttar Pradesh,#N/A,134326,389680,2.9
Uttar Pradesh,#N/A,134940,523702,3.88
Uttar Pradesh,#N/A,135296,528872,3.91
Uttar Pradesh,#N/A,135884,522202,3.84
Uttar Pradesh,#N/A,136510,566653,4.15
Uttar Pradesh,#N/A,137493,567296,4.13
Uttar Pradesh,#N/A,140723,547412,3.89
Uttar Pradesh,#N/A,135849,562279,4.14
Uttar Pradesh,#N/A,94353,363087,3.85
Uttar Pradesh,#N/A,93695,366688,3.91
Uttar Pradesh,#N/A,96592,360658,3.73
Uttar Pradesh,#N/A,96640,164868,1.71
Uttar Pradesh,#N/A,97645,324767,3.33
Uttar Pradesh,#N/A,99202,410696,4.14
Uttar Pradesh,#N/A,96033,360508,3.75
Uttar Pradesh,#N/A,96027,419734,4.37
Uttar Pradesh,#N/A,95396,392364,4.11
Uttar Pradesh,#N/A,95976,395887,4.12
Uttar Pradesh,#N/A,104603,400943,3.83
Uttar Pradesh,#N/A,100105,405625,4.05
Uttar Pradesh,#N/A,109023,322926,2.96
Uttar Pradesh,#N/A,108071,319782,2.96
Uttar Pradesh,#N/A,109098,269145,2.47
Uttar Pradesh,#N/A,110261,227138,2.06
Uttar Pradesh,#N/A,109189,299178,2.74
Uttar Pradesh,#N/A,110742,364230,3.29
Uttar Pradesh,#N/A,109263,412905,3.78
Uttar Pradesh,#N/A,106251,413104,3.89
Uttar Pradesh,#N/A,110184,409113,3.71
Uttar Pradesh,#N/A,112366,396436,3.53
Uttar Pradesh,#N/A,115607,392601,3.4
Uttar Pradesh,#N/A,107032,339077,3.17
Uttar Pradesh,#N/A,74481,282655,3.79
Uttar Pradesh,#N/A,75378,272429,3.61
Uttar Pradesh,#N/A,75776,263950,3.48
Uttar Pradesh,#N/A,77049,180327,2.34
Uttar Pradesh,#N/A,72690,230500,3.17
Uttar Pradesh,#N/A,76769,301011,3.92
Uttar Pradesh,#N/A,75117,337876,4.5
Uttar Pradesh,#N/A,75581,323638,4.28
Uttar Pradesh,#N/A,76309,320956,4.21
Uttar Pradesh,#N/A,76415,311773,4.08
Uttar Pradesh,#N/A,78229,303294,3.88
Uttar Pradesh,#N/A,75116,311055,4.14
Uttar Pradesh,#N/A,169259,554352,3.28
Uttar Pradesh,#N/A,170681,560591,3.28
Uttar Pradesh,#N/A,174453,595895,3.42
Uttar Pradesh,#N/A,174246,341436,1.96
Uttar Pradesh,#N/A,185392,460640,2.48
Uttar Pradesh,#N/A,175797,614404,3.49
Uttar Pradesh,#N/A,170171,591435,3.48
Uttar Pradesh,#N/A,172432,687681,3.99
Uttar Pradesh,#N/A,179472,710602,3.96
Uttar Pradesh,#N/A,173279,657710,3.8
Uttar Pradesh,#N/A,179293,656212,3.66
Uttar Pradesh,#N/A,171841,645950,3.76
Uttar Pradesh,#N/A,104278,376548,3.61
Uttar Pradesh,#N/A,99498,368839,3.71
Uttar Pradesh,#N/A,96543,348520,3.61
Uttar Pradesh,#N/A,97764,188098,1.92
Uttar Pradesh,#N/A,98225,322866,3.29
Uttar Pradesh,#N/A,101518,385261,3.8
Uttar Pradesh,#N/A,95997,325910,3.4
Uttar Pradesh,#N/A,92948,350228,3.77
Uttar Pradesh,#N/A,101892,412663,4.05
Uttar Pradesh,#N/A,100567,416146,4.14
Uttar Pradesh,#N/A,104209,368275,3.53
Uttar Pradesh,#N/A,100972,427515,4.23
Uttar Pradesh,#N/A,54549,204668,3.75
Uttar Pradesh,#N/A,45934,178591,3.89
Uttar Pradesh,#N/A,46130,192731,4.18
Uttar Pradesh,#N/A,40032,85909,2.15
Uttar Pradesh,#N/A,44330,151742,3.42
Uttar Pradesh,#N/A,44069,179846,4.08
Uttar Pradesh,#N/A,41229,160876,3.9
Uttar Pradesh,#N/A,44864,185647,4.14
Uttar Pradesh,#N/A,44802,189199,4.22
Uttar Pradesh,#N/A,44305,177973,4.02
Uttar Pradesh,#N/A,45969,176935,3.85
Uttar Pradesh,#N/A,44552,180792,4.06
Uttar Pradesh,#N/A,75491,329594,4.37
Uttar Pradesh,#N/A,28227,123550,4.38
Uttar Pradesh,#N/A,28164,115726,4.11
Uttar Pradesh,#N/A,26619,86645,3.26
Uttar Pradesh,#N/A,27082,97766,3.61
Uttar Pradesh,#N/A,28064,116858,4.16
Uttar Pradesh,#N/A,27714,111743,4.03
Uttar Pradesh,#N/A,28690,122019,4.25
Uttar Pradesh,#N/A,29429,120894,4.11
Uttar Pradesh,#N/A,28112,119926,4.27
Uttar Pradesh,#N/A,29658,124534,4.2
Uttar Pradesh,#N/A,28373,112783,3.98
Uttar Pradesh,#N/A,173018,486392,2.81
Uttar Pradesh,#N/A,174612,501740,2.87
Uttar Pradesh,#N/A,174040,456998,2.63
Uttar Pradesh,#N/A,175209,309379,1.77
Uttar Pradesh,#N/A,193108,460775,2.39
Uttar Pradesh,#N/A,180106,577943,3.21
Uttar Pradesh,#N/A,166213,494151,2.97
Uttar Pradesh,#N/A,170198,560973,3.3
Uttar Pradesh,#N/A,184666,636359,3.45
Uttar Pradesh,#N/A,183259,638291,3.48
Uttar Pradesh,#N/A,180612,701136,3.88
Uttar Pradesh,#N/A,187825,675607,3.6
Uttar Pradesh,#N/A,160915,483550,3.01
Uttar Pradesh,#N/A,155802,454007,2.91
Uttar Pradesh,#N/A,153277,456919,2.98
Uttar Pradesh,#N/A,154990,401889,2.59
Uttar Pradesh,#N/A,157831,436561,2.77
Uttar Pradesh,#N/A,155876,482592,3.1
Uttar Pradesh,#N/A,154304,463529,3
Uttar Pradesh,#N/A,146855,462593,3.15
Uttar Pradesh,#N/A,155438,510148,3.28
Uttar Pradesh,#N/A,154832,519461,3.35
Uttar Pradesh,#N/A,160294,524963,3.28
Uttar Pradesh,#N/A,153425,489119,3.19
Uttar Pradesh,#N/A,188998,578523,3.06
Uttar Pradesh,#N/A,190259,592467,3.11
Uttar Pradesh,#N/A,190537,618676,3.25
Uttar Pradesh,#N/A,190247,331410,1.74
Uttar Pradesh,#N/A,190692,424862,2.23
Uttar Pradesh,#N/A,191384,697598,3.65
Uttar Pradesh,#N/A,192243,814341,4.24
Uttar Pradesh,#N/A,181728,730099,4.02
Uttar Pradesh,#N/A,190449,703896,3.7
Uttar Pradesh,#N/A,190783,714103,3.74
Uttar Pradesh,#N/A,202056,733463,3.63
Uttar Pradesh,#N/A,196530,741901,3.78
Uttar Pradesh,#N/A,91427,265718,2.91
Uttar Pradesh,#N/A,113299,322731,2.85
Uttar Pradesh,#N/A,111347,298733,2.68
Uttar Pradesh,#N/A,113329,171992,1.52
Uttar Pradesh,#N/A,97490,170850,1.75
Uttar Pradesh,#N/A,135069,410133,3.04
Uttar Pradesh,#N/A,113112,354013,3.13
Uttar Pradesh,#N/A,113456,364235,3.21
Uttar Pradesh,#N/A,111468,364655,3.27
Uttar Pradesh,#N/A,110320,354265,3.21
Uttar Pradesh,#N/A,117657,378150,3.21
Uttar Pradesh,#N/A,143552,461807,3.22
Uttar Pradesh,#N/A,43672,207835,4.76
Uttar Pradesh,#N/A,42412,197216,4.65
Uttar Pradesh,#N/A,44552,136507,3.06
Uttar Pradesh,#N/A,41873,160792,3.84
Uttar Pradesh,#N/A,42279,187000,4.42
Uttar Pradesh,#N/A,42670,177251,4.15
Uttar Pradesh,#N/A,42174,177848,4.22
Uttar Pradesh,#N/A,42066,188624,4.48
Uttar Pradesh,#N/A,43488,181823,4.18
Uttar Pradesh,#N/A,45245,197947,4.38
Uttar Pradesh,#N/A,40962,173761,4.24
Uttar Pradesh,#N/A,327969,1176241,3.59
Uttar Pradesh,#N/A,327776,1041832,3.18
Uttar Pradesh,#N/A,318253,1130771,3.55
Uttar Pradesh,#N/A,326194,719258,2.21
Uttar Pradesh,#N/A,326565,980017,3
Uttar Pradesh,#N/A,314474,1143427,3.64
Uttar Pradesh,#N/A,314432,1155223,3.67
Uttar Pradesh,#N/A,311849,1159455,3.72
Uttar Pradesh,#N/A,315210,1125615,3.57
Uttar Pradesh,#N/A,320441,1200052,3.75
Uttar Pradesh,#N/A,329234,1248455,3.79
Uttar Pradesh,#N/A,305898,1196979,3.91
Uttar Pradesh,#N/A,86515,290777,3.36
Uttar Pradesh,#N/A,76850,275584,3.59
Uttar Pradesh,#N/A,79227,308906,3.9
Uttar Pradesh,#N/A,82134,191947,2.34
Uttar Pradesh,#N/A,75908,265298,3.49
Uttar Pradesh,#N/A,78656,319815,4.07
Uttar Pradesh,#N/A,82643,312225,3.78
Uttar Pradesh,#N/A,81137,336232,4.14
Uttar Pradesh,#N/A,82795,330683,3.99
Uttar Pradesh,#N/A,82467,337785,4.1
Uttar Pradesh,#N/A,85798,340446,3.97
Uttar Pradesh,#N/A,78596,316585,4.03
Uttar Pradesh,#N/A,142049,477297,3.36
Uttar Pradesh,#N/A,145440,467112,3.21
Uttar Pradesh,#N/A,149458,445320,2.98
Uttar Pradesh,#N/A,155125,206239,1.33
Uttar Pradesh,#N/A,158550,298118,1.88
Uttar Pradesh,#N/A,147427,547846,3.72
Uttar Pradesh,#N/A,160362,581167,3.62
Uttar Pradesh,#N/A,143818,534094,3.71
Uttar Pradesh,#N/A,149023,556303,3.73
Uttar Pradesh,#N/A,144371,532022,3.69
Uttar Pradesh,#N/A,135801,465118,3.42
Uttar Pradesh,#N/A,163199,583926,3.58
Uttar Pradesh,#N/A,205686,654758,3.18
Uttar Pradesh,#N/A,210453,655140,3.11
Uttar Pradesh,#N/A,210671,602940,2.86
Uttar Pradesh,#N/A,209445,405486,1.94
Uttar Pradesh,#N/A,219050,582892,2.66
Uttar Pradesh,#N/A,206881,668226,3.23
Uttar Pradesh,#N/A,207669,735148,3.54
Uttar Pradesh,#N/A,211334,784260,3.71
Uttar Pradesh,#N/A,210908,758214,3.59
Uttar Pradesh,#N/A,209293,773966,3.7
Uttar Pradesh,#N/A,218144,872794,4
Uttar Pradesh,#N/A,215069,857265,3.99
Uttar Pradesh,#N/A,178532,558556,3.13
Uttar Pradesh,#N/A,156091,434532,2.78
Uttar Pradesh,#N/A,153384,235384,1.53
Uttar Pradesh,#N/A,155061,183641,1.18
Uttar Pradesh,#N/A,159541,337585,2.12
Uttar Pradesh,#N/A,167702,514967,3.07
Uttar Pradesh,#N/A,149640,394006,2.63
Uttar Pradesh,#N/A,182907,595918,3.26
Uttar Pradesh,#N/A,148822,508550,3.42
Uttar Pradesh,#N/A,153236,463806,3.03
Uttar Pradesh,#N/A,132473,448421,3.38
Uttar Pradesh,#N/A,139381,478634,3.43
Uttar Pradesh,#N/A,74109,277001,3.74
Uttar Pradesh,#N/A,70105,268920,3.84
Uttar Pradesh,#N/A,77569,297075,3.83
Uttar Pradesh,#N/A,76686,108049,1.41
Uttar Pradesh,#N/A,70564,229316,3.25
Uttar Pradesh,#N/A,80792,332771,4.12
Uttar Pradesh,#N/A,75546,342450,4.53
Uttar Pradesh,#N/A,78024,358888,4.6
Uttar Pradesh,#N/A,78249,348180,4.45
Uttar Pradesh,#N/A,76169,315245,4.14
Uttar Pradesh,#N/A,79473,306289,3.85
Uttar Pradesh,#N/A,65342,260584,3.99
Uttar Pradesh,#N/A,122856,486582,3.96
Uttar Pradesh,#N/A,120580,435969,3.62
Uttar Pradesh,#N/A,127503,457446,3.59
Uttar Pradesh,#N/A,122103,203542,1.67
Uttar Pradesh,#N/A,123990,373499,3.01
Uttar Pradesh,#N/A,121200,556044,4.59
Uttar Pradesh,#N/A,120743,517022,4.28
Uttar Pradesh,#N/A,120774,535103,4.43
Uttar Pradesh,#N/A,122451,520962,4.25
Uttar Pradesh,#N/A,122414,498444,4.07
Uttar Pradesh,#N/A,125428,475874,3.79
Uttar Pradesh,#N/A,124650,503835,4.04
Uttar Pradesh,#N/A,102955,356662,3.46
Uttar Pradesh,#N/A,106886,380275,3.56
Uttar Pradesh,#N/A,102821,395335,3.84
Uttar Pradesh,#N/A,102753,155171,1.51
Uttar Pradesh,#N/A,101576,215746,2.12
Uttar Pradesh,#N/A,104388,424316,4.06
Uttar Pradesh,#N/A,106047,408721,3.85
Uttar Pradesh,#N/A,103752,432278,4.17
Uttar Pradesh,#N/A,102937,418465,4.07
Uttar Pradesh,#N/A,103150,407211,3.95
Uttar Pradesh,#N/A,106742,371142,3.48
Uttar Pradesh,#N/A,103833,407129,3.92
Uttar Pradesh,#N/A,95125,345875,3.64
Uttar Pradesh,#N/A,94210,320314,3.4
Uttar Pradesh,#N/A,97331,342897,3.52
Uttar Pradesh,#N/A,98653,229467,2.33
Uttar Pradesh,#N/A,96881,298781,3.08
Uttar Pradesh,#N/A,96241,357343,3.71
Uttar Pradesh,#N/A,94430,375265,3.97
Uttar Pradesh,#N/A,97339,415053,4.26
Uttar Pradesh,#N/A,95297,373945,3.92
Uttar Pradesh,#N/A,94618,360021,3.8
Uttar Pradesh,#N/A,96900,379170,3.91
Uttar Pradesh,#N/A,98291,407121,4.14
Uttar Pradesh,#N/A,72593,209721,2.89
Uttar Pradesh,#N/A,75647,219631,2.9
Uttar Pradesh,#N/A,66491,161600,2.43
Uttar Pradesh,#N/A,70882,108449,1.53
Uttar Pradesh,#N/A,74280,161633,2.18
Uttar Pradesh,#N/A,74995,246377,3.29
Uttar Pradesh,#N/A,72909,231194,3.17
Uttar Pradesh,#N/A,77095,269358,3.49
Uttar Pradesh,#N/A,73961,230766,3.12
Uttar Pradesh,#N/A,75587,249908,3.31
Uttar Pradesh,#N/A,77760,261274,3.36
Uttar Pradesh,#N/A,79617,290682,3.65
Uttar Pradesh,#N/A,197303,671817,3.41
Uttar Pradesh,#N/A,183938,640472,3.48
Uttar Pradesh,#N/A,195575,705439,3.61
Uttar Pradesh,#N/A,185828,498172,2.68
Uttar Pradesh,#N/A,176599,599200,3.39
Uttar Pradesh,#N/A,192359,727502,3.78
Uttar Pradesh,#N/A,188602,775531,4.11
Uttar Pradesh,#N/A,198051,841915,4.25
Uttar Pradesh,#N/A,195264,826357,4.23
Uttar Pradesh,#N/A,195061,802091,4.11
Uttar Pradesh,202178,202178,827717,4.09
Uttar Pradesh,#N/A,193565,798068,4.12
Uttar Pradesh,#N/A,113535,342535,3.02
Uttar Pradesh,#N/A,113917,330929,2.91
Uttar Pradesh,#N/A,115703,351737,3.04
Uttar Pradesh,#N/A,116559,193954,1.66
Uttar Pradesh,#N/A,117350,274130,2.34
Uttar Pradesh,#N/A,117710,351011,2.98
Uttar Pradesh,#N/A,117733,412419,3.5
Uttar Pradesh,#N/A,120236,383914,3.19
Uttar Pradesh,#N/A,119461,441528,3.7
Uttar Pradesh,#N/A,118046,441846,3.74
Uttar Pradesh,#N/A,121457,457043,3.76
Uttar Pradesh,#N/A,121800,450295,3.7
Uttar Pradesh,#N/A,162594,423557,2.6
Uttar Pradesh,#N/A,163229,437611,2.68
Uttar Pradesh,#N/A,178578,372871,2.09
Uttar Pradesh,#N/A,173401,367957,2.12
Uttar Pradesh,#N/A,141798,246445,1.74
Uttar Pradesh,#N/A,171453,525509,3.07
Uttar Pradesh,#N/A,152659,424392,2.78
Uttar Pradesh,#N/A,188237,642076,3.41
Uttar Pradesh,#N/A,171271,548410,3.2
Uttar Pradesh,#N/A,171453,535282,3.12
Uttar Pradesh,#N/A,171462,620521,3.62
Uttar Pradesh,#N/A,170854,623617,3.65
Uttar Pradesh,#N/A,82274,222469,2.7
Uttar Pradesh,#N/A,83388,239490,2.87
Uttar Pradesh,#N/A,81363,241811,2.97
Uttar Pradesh,#N/A,79315,144512,1.82
Uttar Pradesh,#N/A,78645,176399,2.24
Uttar Pradesh,#N/A,80518,228832,2.84
Uttar Pradesh,#N/A,81589,266225,3.26
Uttar Pradesh,#N/A,78962,284658,3.6
Uttar Pradesh,#N/A,83026,257381,3.1
Uttar Pradesh,#N/A,81162,275302,3.39
Uttar Pradesh,#N/A,85202,301700,3.54
Uttar Pradesh,#N/A,80965,283216,3.5
Uttar Pradesh,#N/A,149390,490896,3.29
Uttar Pradesh,#N/A,154351,510902,3.31
Uttar Pradesh,#N/A,148850,500136,3.36
Uttar Pradesh,#N/A,152333,361486,2.37
Uttar Pradesh,#N/A,153291,459260,3
Uttar Pradesh,#N/A,148918,525383,3.53
Uttar Pradesh,#N/A,145443,515741,3.55
Uttar Pradesh,#N/A,147751,610212,4.13
Uttar Pradesh,#N/A,148985,600708,4.03
Uttar Pradesh,#N/A,149744,560791,3.74
Uttar Pradesh,#N/A,155147,551392,3.55
Uttar Pradesh,#N/A,148897,550174,3.69
Uttar Pradesh,#N/A,62984,116023,1.84
Uttar Pradesh,#N/A,71221,140868,1.98
Uttar Pradesh,#N/A,74888,129180,1.72
Uttar Pradesh,#N/A,69598,67961,0.98
Uttar Pradesh,#N/A,23623,18593,0.79
Uttar Pradesh,#N/A,74140,187505,2.53
Uttar Pradesh,#N/A,48394,86668,1.79
Uttar Pradesh,#N/A,81887,230571,2.82
Uttar Pradesh,#N/A,84331,242804,2.88
Uttar Pradesh,#N/A,71779,194394,2.71
Uttar Pradesh,#N/A,79923,227061,2.84
Uttar Pradesh,#N/A,78392,308864,3.94
Uttar Pradesh,#N/A,161486,603796,3.74
Uttar Pradesh,#N/A,152558,548751,3.6
Uttar Pradesh,#N/A,153478,581375,3.79
Uttar Pradesh,#N/A,149855,349312,2.33
Uttar Pradesh,#N/A,161770,539018,3.33
Uttar Pradesh,#N/A,149633,600776,4.01
Uttar Pradesh,#N/A,150750,666014,4.42
Uttar Pradesh,#N/A,152866,678878,4.44
Uttar Pradesh,#N/A,150224,635448,4.23
Uttar Pradesh,#N/A,150115,637839,4.25
Uttar Pradesh,#N/A,156761,604627,3.86
Uttar Pradesh,#N/A,149897,601087,4.01
Uttar Pradesh,#N/A,193061,712202,3.69
Uttar Pradesh,#N/A,196974,735895,3.74
Uttar Pradesh,#N/A,194364,677553,3.49
Uttar Pradesh,#N/A,194214,407849,2.1
Uttar Pradesh,#N/A,178832,617507,3.45
Uttar Pradesh,#N/A,194285,797346,4.1
Uttar Pradesh,#N/A,200421,704480,3.52
Uttar Pradesh,#N/A,203721,850331,4.17
Uttar Pradesh,#N/A,195767,557349,2.85
Uttar Pradesh,#N/A,202884,712731,3.51
Uttar Pradesh,#N/A,203144,708973,3.49
Uttar Pradesh,#N/A,194250,695998,3.58
Uttar Pradesh,#N/A,94869,284417,3
Uttar Pradesh,#N/A,94885,315208,3.32
Uttar Pradesh,#N/A,93556,285626,3.05
Uttar Pradesh,#N/A,95097,198467,2.09
Uttar Pradesh,#N/A,92953,232661,2.5
Uttar Pradesh,#N/A,94754,315626,3.33
Uttar Pradesh,#N/A,95373,352975,3.7
Uttar Pradesh,#N/A,95550,367772,3.85
Uttar Pradesh,#N/A,95061,329291,3.46
Uttar Pradesh,#N/A,94569,356525,3.77
Uttar Pradesh,#N/A,98616,364879,3.7
Uttar Pradesh,#N/A,94319,323420,3.43
Uttar Pradesh,#N/A,78449,330192,4.21
Uttar Pradesh,#N/A,78236,323115,4.13
Uttar Pradesh,#N/A,76532,328475,4.29
Uttar Pradesh,#N/A,76072,245180,3.22
Uttar Pradesh,#N/A,75480,308562,4.09
Uttar Pradesh,#N/A,76095,332002,4.36
Uttar Pradesh,#N/A,75592,329959,4.36
Uttar Pradesh,#N/A,80065,373423,4.66
Uttar Pradesh,#N/A,74650,340180,4.56
Uttar Pradesh,#N/A,79499,362992,4.57
Uttar Pradesh,#N/A,81074,338889,4.18
Uttar Pradesh,#N/A,77846,333337,4.28
Uttar Pradesh,#N/A,98230,241442,2.46
Uttar Pradesh,#N/A,96784,253905,2.62
Uttar Pradesh,#N/A,97530,248407,2.55
Uttar Pradesh,#N/A,98339,174733,1.78
Uttar Pradesh,#N/A,90799,160943,1.77
Uttar Pradesh,#N/A,98525,275293,2.79
Uttar Pradesh,#N/A,94546,278692,2.95
Uttar Pradesh,#N/A,96564,303796,3.15
Uttar Pradesh,#N/A,96236,233240,2.42
Uttar Pradesh,#N/A,97635,319909,3.28
Uttar Pradesh,#N/A,100512,351993,3.5
Uttar Pradesh,#N/A,143382,478609,3.34
Uttar Pradesh,#N/A,193634,615756,3.18
Uttar Pradesh,#N/A,118320,362769,3.07
Uttar Pradesh,#N/A,122018,394362,3.23
Uttar Pradesh,#N/A,122232,196916,1.61
Uttar Pradesh,#N/A,121759,375560,3.08
Uttar Pradesh,#N/A,118927,417791,3.51
Uttar Pradesh,#N/A,123231,456078,3.7
Uttar Pradesh,#N/A,115217,460983,4
Uttar Pradesh,#N/A,125107,471153,3.77
Uttar Pradesh,#N/A,121959,528204,4.33
Uttar Pradesh,#N/A,126886,527211,4.15
Uttar Pradesh,#N/A,121331,507285,4.18
Uttar Pradesh,#N/A,133841,525995,3.93
Uttar Pradesh,#N/A,81418,297013,3.65
Uttar Pradesh,#N/A,75244,279155,3.71
Uttar Pradesh,#N/A,78843,221470,2.81
Uttar Pradesh,#N/A,83021,295970,3.57
Uttar Pradesh,#N/A,80254,334739,4.17
Uttar Pradesh,#N/A,85624,341212,3.99
Uttar Pradesh,#N/A,86395,366920,4.25
Uttar Pradesh,#N/A,81330,323775,3.98
Uttar Pradesh,#N/A,82486,357577,4.34
Uttar Pradesh,#N/A,85686,339488,3.96
Uttar Pradesh,#N/A,78088,343197,4.4
Uttar Pradesh,#N/A,150414,575935,3.83
Uttar Pradesh,#N/A,136892,494317,3.61
Uttar Pradesh,#N/A,143500,525354,3.66
Uttar Pradesh,#N/A,144784,371371,2.57
Uttar Pradesh,#N/A,154256,598051,3.88
Uttar Pradesh,#N/A,140428,589798,4.2
Uttar Pradesh,#N/A,131987,559229,4.24
Uttar Pradesh,#N/A,148303,658762,4.44
Uttar Pradesh,#N/A,138554,594812,4.29
Uttar Pradesh,#N/A,141500,629534,4.45
Uttar Pradesh,#N/A,147217,590193,4.01
Uttar Pradesh,#N/A,141419,599192,4.24
Uttar Pradesh,#N/A,148783,436512,2.93
Uttar Pradesh,#N/A,146677,413042,2.82
Uttar Pradesh,#N/A,147814,415653,2.81
Uttar Pradesh,#N/A,138562,191903,1.38
Uttar Pradesh,#N/A,169728,371365,2.19
Uttar Pradesh,#N/A,150562,463731,3.08
Uttar Pradesh,#N/A,148317,469720,3.17
Uttar Pradesh,#N/A,150515,514761,3.42
Uttar Pradesh,#N/A,148014,508428,3.43
Uttar Pradesh,#N/A,147069,502535,3.42
Uttar Pradesh,#N/A,153848,508621,3.31
Uttar Pradesh,#N/A,160468,540296,3.37
Uttar Pradesh,#N/A,132299,379830,2.87
Uttar Pradesh,#N/A,131752,373644,2.84
Uttar Pradesh,#N/A,134767,400393,2.97
Uttar Pradesh,#N/A,167432,270235,1.61
Uttar Pradesh,#N/A,167579,329963,1.97
Uttar Pradesh,#N/A,133720,438200,3.28
Uttar Pradesh,#N/A,132317,444982,3.36
Uttar Pradesh,#N/A,133804,461089,3.45
Uttar Pradesh,#N/A,133141,447753,3.36
Uttar Pradesh,#N/A,135517,528381,3.9
Uttar Pradesh,#N/A,139506,450604,3.23
Uttar Pradesh,#N/A,168080,586095,3.49
Uttar Pradesh,#N/A,144074,504115,3.5
Uttar Pradesh,#N/A,140318,487184,3.47
Uttar Pradesh,#N/A,147277,508106,3.45
Uttar Pradesh,#N/A,147846,264644,1.79
Uttar Pradesh,#N/A,133654,457498,3.42
Uttar Pradesh,#N/A,142046,556820,3.92
Uttar Pradesh,#N/A,149252,598202,4.01
Uttar Pradesh,#N/A,148838,639706,4.3
Uttar Pradesh,#N/A,145657,597776,4.1
Uttar Pradesh,#N/A,144307,610996,4.23
Uttar Pradesh,#N/A,158692,664126,4.18
Uttar Pradesh,#N/A,150410,619990,4.12
Uttar Pradesh,#N/A,112582,391335,3.48
Uttar Pradesh,#N/A,110575,374739,3.39
Uttar Pradesh,#N/A,109144,378184,3.47
Uttar Pradesh,#N/A,118844,244224,2.05
Uttar Pradesh,#N/A,112433,377213,3.36
Uttar Pradesh,#N/A,112624,423128,3.76
Uttar Pradesh,#N/A,111963,435984,3.89
Uttar Pradesh,#N/A,111995,472283,4.22
Uttar Pradesh,#N/A,111829,435238,3.89
Uttar Pradesh,#N/A,112258,466881,4.16
Uttar Pradesh,#N/A,116564,474066,4.07
Uttar Pradesh,#N/A,111810,465912,4.17
Uttar Pradesh,#N/A,140493,450702,3.21
Uttar Pradesh,#N/A,139875,492500,3.52
Uttar Pradesh,#N/A,143456,283613,1.98
Uttar Pradesh,#N/A,135993,417499,3.07
Uttar Pradesh,#N/A,136437,476574,3.49
Uttar Pradesh,#N/A,140565,502098,3.57
Uttar Pradesh,#N/A,139858,564047,4.03
Uttar Pradesh,#N/A,138781,572194,4.12
Uttar Pradesh,#N/A,138648,567764,4.1
Uttar Pradesh,#N/A,144823,578858,4
Uttar Pradesh,#N/A,138066,568004,4.11
Uttar Pradesh,#N/A,91629,266457,2.91
Uttar Pradesh,#N/A,91860,274110,2.98
Uttar Pradesh,#N/A,92210,304201,3.3
Uttar Pradesh,#N/A,90522,224042,2.48
Uttar Pradesh,#N/A,90896,231058,2.54
Uttar Pradesh,#N/A,91776,309944,3.38
Uttar Pradesh,#N/A,90569,290274,3.21
Uttar Pradesh,#N/A,91366,306624,3.36
Uttar Pradesh,#N/A,90988,355399,3.91
Uttar Pradesh,#N/A,91078,376972,4.14
Uttar Pradesh,#N/A,95295,394521,4.14
Uttar Pradesh,#N/A,104802,422981,4.04
Uttar Pradesh,#N/A,47418,149041,3.14
Uttar Pradesh,#N/A,48269,137416,2.85
Uttar Pradesh,#N/A,48216,131630,2.73
Uttar Pradesh,#N/A,48033,74114,1.54
Uttar Pradesh,#N/A,48930,108576,2.22
Uttar Pradesh,#N/A,47044,156092,3.32
Uttar Pradesh,#N/A,49038,186639,3.81
Uttar Pradesh,#N/A,49437,185620,3.75
Uttar Pradesh,#N/A,46356,127287,2.75
Uttar Pradesh,#N/A,47585,172591,3.63
Uttar Pradesh,#N/A,49711,176872,3.56
Uttar Pradesh,#N/A,48863,136621,2.8
Uttar Pradesh,#N/A,247222,940185,3.8
Uttar Pradesh,#N/A,264247,959481,3.63
Uttar Pradesh,#N/A,255240,934689,3.66
Uttar Pradesh,#N/A,260462,517017,1.98
Uttar Pradesh,#N/A,253360,889040,3.51
Uttar Pradesh,#N/A,250679,1054356,4.21
Uttar Pradesh,#N/A,247700,989809,4
Uttar Pradesh,#N/A,272458,1216792,4.47
Uttar Pradesh,#N/A,256371,1113932,4.35
Uttar Pradesh,#N/A,252861,1126749,4.46
Uttar Pradesh,#N/A,266855,1192575,4.47
Uttar Pradesh,#N/A,231514,1006854,4.35
Uttar Pradesh,#N/A,50033,188124,3.76
Uttar Pradesh,#N/A,46385,173665,3.74
Uttar Pradesh,#N/A,49296,149367,3.03
Uttar Pradesh,#N/A,53363,217241,4.07
Uttar Pradesh,#N/A,49142,208608,4.25
Uttar Pradesh,#N/A,49633,228014,4.59
Uttar Pradesh,#N/A,48655,222451,4.57
Uttar Pradesh,#N/A,48689,231711,4.76
Uttar Pradesh,#N/A,50333,242001,4.81
Uttar Pradesh,#N/A,51942,226155,4.35
Uttar Pradesh,#N/A,55001,268845,4.89
Uttar Pradesh,#N/A,67143,198340,2.95
Uttar Pradesh,#N/A,63787,171523,2.69
Uttar Pradesh,#N/A,70928,216401,3.05
Uttar Pradesh,#N/A,68165,182410,2.68
Uttar Pradesh,#N/A,70143,186300,2.66
Uttar Pradesh,#N/A,70872,212687,3
Uttar Pradesh,#N/A,68574,220945,3.22
Uttar Pradesh,#N/A,72186,246948,3.42
Uttar Pradesh,#N/A,70486,233943,3.32
Uttar Pradesh,#N/A,70402,238944,3.39
Uttar Pradesh,#N/A,73327,264124,3.6
Uttar Pradesh,#N/A,98200,328970,3.35
Uttar Pradesh,#N/A,157619,537638,3.41
Uttar Pradesh,#N/A,159883,567105,3.55
Uttar Pradesh,#N/A,157897,596693,3.78
Uttar Pradesh,#N/A,161544,408222,2.53
Uttar Pradesh,#N/A,150792,503947,3.34
Uttar Pradesh,#N/A,156380,618796,3.96
Uttar Pradesh,#N/A,158257,629705,3.98
Uttar Pradesh,#N/A,157672,689815,4.38
Uttar Pradesh,#N/A,157091,636847,4.05
Uttar Pradesh,#N/A,156385,619597,3.96
Uttar Pradesh,#N/A,163931,673101,4.11
Uttar Pradesh,#N/A,180842,723911,4
Uttar Pradesh,#N/A,215859,682114,3.16
Uttar Pradesh,#N/A,212016,674635,3.18
Uttar Pradesh,#N/A,210932,651569,3.09
Uttar Pradesh,#N/A,208675,372484,1.78
Uttar Pradesh,#N/A,214593,533264,2.49
Uttar Pradesh,#N/A,212207,715562,3.37
Uttar Pradesh,#N/A,210935,685961,3.25
Uttar Pradesh,#N/A,205409,714823,3.48
Uttar Pradesh,#N/A,208656,700876,3.36
Uttar Pradesh,#N/A,210592,764449,3.63
Uttar Pradesh,#N/A,219450,831935,3.79
Uttar Pradesh,#N/A,209869,793305,3.78
Uttar Pradesh,#N/A,55981,105693,1.89
Uttar Pradesh,#N/A,54811,117261,2.14
Uttar Pradesh,#N/A,57853,135887,2.35
Uttar Pradesh,#N/A,57789,117617,2.04
Uttar Pradesh,#N/A,58322,92744,1.59
Uttar Pradesh,#N/A,56012,134857,2.41
Uttar Pradesh,#N/A,54274,127922,2.36
Uttar Pradesh,#N/A,57964,156734,2.7
Uttar Pradesh,#N/A,60343,144001,2.39
Uttar Pradesh,#N/A,57786,151646,2.62
Uttar Pradesh,#N/A,63408,175957,2.77
Uttar Pradesh,#N/A,81130,231058,2.85
Uttar Pradesh,#N/A,104286,332464,3.19
Uttar Pradesh,#N/A,104661,325914,3.11
Uttar Pradesh,#N/A,104250,256247,2.46
Uttar Pradesh,#N/A,104295,238836,2.29
Uttar Pradesh,#N/A,116068,329401,2.84
Uttar Pradesh,#N/A,101118,342487,3.39
Uttar Pradesh,#N/A,114555,461653,4.03
Uttar Pradesh,#N/A,104661,436855,4.17
Uttar Pradesh,#N/A,104036,412815,3.97
Uttar Pradesh,#N/A,104600,403756,3.86
Uttar Pradesh,#N/A,109991,447663,4.07
Uttar Pradesh,#N/A,116559,449568,3.86
Uttar Pradesh,#N/A,240711,718277,2.98
Uttar Pradesh,#N/A,240113,686003,2.86
Uttar Pradesh,#N/A,241717,736753,3.05
Uttar Pradesh,#N/A,243188,488078,2.01
Uttar Pradesh,#N/A,237761,528305,2.22
Uttar Pradesh,#N/A,242102,772547,3.19
Uttar Pradesh,#N/A,244358,798318,3.27
Uttar Pradesh,#N/A,241879,937039,3.87
Uttar Pradesh,#N/A,242533,801572,3.31
Uttar Pradesh,#N/A,242573,844154,3.48
Uttar Pradesh,#N/A,252710,861741,3.41
Uttar Pradesh,#N/A,241665,846794,3.5
Uttar Pradesh,#N/A,69610,210381,3.02
Uttar Pradesh,#N/A,69705,214609,3.08
Uttar Pradesh,#N/A,69399,188955,2.72
Uttar Pradesh,#N/A,68617,127010,1.85
Uttar Pradesh,#N/A,68502,165021,2.41
Uttar Pradesh,#N/A,70914,239146,3.37
Uttar Pradesh,#N/A,69363,234528,3.38
Uttar Pradesh,#N/A,68973,241128,3.5
Uttar Pradesh,#N/A,68369,225602,3.3
Uttar Pradesh,#N/A,69795,256304,3.67
Uttar Pradesh,#N/A,72087,259153,3.6
Uttar Pradesh,#N/A,70793,173726,2.45
