Year,Season,T2M,T2M_MAX,T2M_MIN,PRECTOTCORR,ALLSKY_SFC_SW_DWN,RH2M,WS2M,State
2011,Kharif,31.569180327868853,36.464999999999996,26.66762295081967,605.85,2268.47,61.42401639344262,1.6418032786885246,Punjab
2011,Rabi,19.648820754716983,27.900943396226417,13.16259433962264,63.62,3190.45,41.82693396226415,1.4108018867924528,Punjab
2012,Kharif,33.787622950819674,39.69647540983607,28.04040983606557,366.42,2443.52,45.64377049180328,1.9268032786885245,Punjab
2012,Rabi,18.839342723004695,27.57868544600939,12.329154929577465,93.78,3229.11,39.93990610328639,1.6129107981220658,Punjab
2013,Kharif,31.862540983606557,37.12319672131147,26.646639344262294,619.3299999999999,2303.98,58.41688524590164,1.59672131147541,Punjab
2013,Rabi,19.345943396226417,27.804481132075473,12.923915094339621,158.25,3097.45,45.22561320754717,1.5999999999999999,Punjab
2014,Kharif,33.54860655737705,39.26098360655738,27.771475409836064,481.46999999999997,2481.94,46.02418032786885,1.8195081967213114,Punjab
2014,Rabi,18.60816037735849,27.092877358490565,12.237122641509433,156.04,3080.97,45.703018867924534,1.5725,Punjab
2015,Kharif,31.827540983606557,37.64049180327869,26.11606557377049,554.63,2402.59,52.44098360655738,1.7659836065573769,Punjab
2015,Rabi,19.331509433962264,27.365235849056607,13.092783018867925,249.32,3014.63,47.93622641509434,1.5273584905660378,Punjab
2016,Kharif,32.63098360655738,38.14081967213115,27.050819672131148,502.38,2379.49,53.293196721311475,1.5898360655737707,Punjab
2016,Rabi,20.959389671361503,29.79544600938967,14.106948356807512,70.69,3203.15,33.76962441314554,1.5894366197183099,Punjab
2017,Kharif,31.80745901639344,37.27549180327868,26.447131147540986,601.82,2392.02,56.139016393442624,1.569262295081967,Punjab
2017,Rabi,20.0738679245283,28.65764150943396,13.410141509433961,157.75,3187.46,40.45594339622642,1.563867924528302,Punjab
2018,Kharif,31.2644262295082,36.3744262295082,26.26139344262295,845.29,2277.7,62.45459016393443,1.7097540983606558,Punjab
2018,Rabi,19.755849056603772,28.0786320754717,13.134009433962264,86.7,3282.12,42.1761320754717,1.4984433962264152,Punjab
2019,Kharif,32.04975409836066,37.17360655737705,26.929344262295082,702.83,2396.67,58.48934426229508,1.555327868852459,Punjab
2019,Rabi,18.329245283018867,25.684622641509435,12.429858490566039,236.78,2929.68,55.080707547169816,1.4485377358490565,Punjab
2020,Kharif,32.01032786885246,37.417459016393444,26.8072131147541,529.83,2478.16,58.580163934426224,1.598360655737705,Punjab
2020,Rabi,18.144084507042255,25.947652582159627,12.340046948356807,227.81,3124.1,54.43586854460094,1.5744600938967137,Punjab
2021,Kharif,31.964918032786883,37.309999999999995,26.69360655737705,649.23,2330.4,58.30795081967213,1.5758196721311475,Punjab
2021,Rabi,19.602735849056604,28.025801886792454,13.304905660377358,119.08,3151.53,48.10306603773585,1.6305188679245284,Punjab
2022,Kharif,31.06590163934426,35.73680327868853,26.458196721311477,766.54,2333.83,64.34745901639344,1.5604098360655738,Punjab
2022,Rabi,19.82985849056604,27.855283018867922,13.722735849056603,197.93,3175.95,55.02754716981132,1.5632547169811322,Punjab
2011,Kharif,31.57967213114754,36.57680327868852,26.908360655737706,497.43,2348.21,62.538360655737705,2.1618852459016393,Haryana
2011,Rabi,20.24806603773585,28.97014150943396,13.265849056603773,62.17,3370.19,42.047216981132074,1.5315566037735848,Haryana
2012,Kharif,32.951557377049184,38.40680327868853,27.740409836065574,409.64,2411.83,51.674590163934425,2.563606557377049,Haryana
2012,Rabi,19.80854460093897,28.861830985915493,12.493661971830987,48.88,3331.6,33.53577464788732,1.7831455399061034,Haryana
2013,Kharif,31.361639344262294,36.47311475409836,26.40844262295082,624.97,2381.95,61.823196721311476,2.020655737704918,Haryana
2013,Rabi,19.878773584905662,28.319433962264153,12.924009433962263,137.25,3252.09,43.91485849056604,1.7187264150943395,Haryana
2014,Kharif,33.71590163934427,39.72352459016393,27.878032786885246,243.34,2545.76,44.75139344262295,2.499344262295082,Haryana
2014,Rabi,20.018679245283018,28.5236320754717,13.08311320754717,98.31,3197.25,37.49787735849057,1.598443396226415,Haryana
2015,Kharif,31.50672131147541,37.28622950819672,25.92811475409836,449.28999999999996,2440.17,54.17360655737705,2.138360655737705,Haryana
2015,Rabi,20.4252358490566,28.783632075471697,13.564905660377358,177.07,3188.31,40.35377358490566,1.604858490566038,Haryana
2016,Kharif,31.853770491803278,37.154426229508196,26.68934426229508,478.25,2387.67,58.28704918032786,1.8001639344262295,Haryana
2016,Rabi,21.945164319248825,30.828450704225354,14.609953051643194,31.41,3309.7,27.887511737089202,1.6638967136150236,Haryana
2017,Kharif,31.846065573770492,37.55270491803279,26.483196721311472,420.15000000000003,2378.82,55.50934426229509,2.094672131147541,Haryana
2017,Rabi,21.104150943396228,30.00867924528302,13.958679245283017,88.78,3355.38,33.639009433962265,1.696933962264151,Haryana
2018,Kharif,31.50565573770492,36.689590163934426,26.63639344262295,566.6,2197.5,60.75,2.0035245901639347,Haryana
2018,Rabi,20.88004716981132,29.862594339622643,13.640471698113208,34.74,3413.94,35.63457547169811,1.6241509433962265,Haryana
2019,Kharif,32.808196721311475,38.1844262295082,27.75893442622951,382.55,2357.4,55.98491803278689,1.9606557377049179,Haryana
2019,Rabi,19.764103773584903,27.979009433962265,13.076933962264151,135.11,3102.24,46.22981132075471,1.7031132075471698,Haryana
2020,Kharif,32.048852459016395,37.0477868852459,27.265983606557377,552.9,2408.95,60.81065573770491,1.8459836065573771,Haryana
2020,Rabi,19.42582159624413,27.822018779342724,12.779483568075118,144.06,3258.25,46.872910798122064,1.6565727699530517,Haryana
2021,Kharif,30.897131147540982,35.545819672131145,26.34762295081967,808.37,2258.24,66.45532786885246,1.8778688524590164,Haryana
2021,Rabi,20.208584905660377,28.582688679245283,13.399245283018868,93.08,3333.45,45.69028301886792,1.6536792452830187,Haryana
2022,Kharif,31.458360655737707,36.451967213114756,26.723114754098358,683.52,2320.48,62.52098360655738,2.129426229508197,Haryana
2022,Rabi,20.42330188679245,28.794009433962263,13.76806603773585,150.37,3277.12,51.22825471698113,1.6718867924528302,Haryana
2011,Kharif,30.56581967213115,35.49393442622951,25.989262295081968,505.68,2505.48,63.22147540983607,2.829590163934426,Rajasthan
2011,Rabi,21.255613207547167,29.884575471698113,14.052028301886793,25.59,3874.12,35.053396226415096,1.808867924528302,Rajasthan
2012,Kharif,31.063196721311474,36.21147540983607,26.129180327868855,503.43,2485.95,57.03450819672131,2.893606557377049,Rajasthan
2012,Rabi,20.347183098591547,28.83150234741784,13.27150234741784,22.259999999999998,3845.62,31.35943661971831,1.8176525821596246,Rajasthan
2013,Kharif,30.478852459016395,35.637131147540984,25.579262295081968,515.66,2618.19,62.34327868852459,2.612704918032787,Rajasthan
2013,Rabi,20.704952830188677,28.984198113207544,13.96740566037736,56.36,3780.89,37.74297169811321,1.7965094339622643,Rajasthan
2014,Kharif,31.32,37.0155737704918,25.991967213114755,377.41,2734.69,55.3905737704918,3.2459016393442623,Rajasthan
2014,Rabi,20.971084905660376,29.43509433962264,13.87816037735849,46.29,3732.19,33.92216981132076,1.824811320754717,Rajasthan
2015,Kharif,30.767049180327867,36.57950819672131,25.263196721311477,334.17,2627.61,55.46262295081968,2.7681967213114755,Rajasthan
2015,Rabi,21.288537735849058,29.868820754716978,14.130330188679245,98.38,3704.02,35.3461320754717,1.923066037735849,Rajasthan
2016,Kharif,30.648688524590163,36.214999999999996,25.555655737704917,443.06,2607.17,60.685081967213115,2.725245901639344,Rajasthan
2016,Rabi,22.5587323943662,31.25474178403756,15.33718309859155,60.48,3821.31,30.285070422535213,1.852769953051643,Rajasthan
2017,Kharif,30.636639344262296,36.20172131147541,25.52172131147541,355.75,2527.31,59.8077868852459,2.683606557377049,Rajasthan
2017,Rabi,21.933537735849058,30.82117924528302,14.653490566037735,33.57,3787.11,28.245943396226416,1.983066037735849,Rajasthan
2018,Kharif,30.56565573770492,36.03139344262295,25.534754098360654,382.33,2381.91,58.24581967213115,2.982049180327869,Rajasthan
2018,Rabi,22.300330188679247,31.219575471698114,14.908632075471699,10.14,3821.53,26.218443396226416,1.8541037735849055,Rajasthan
2019,Kharif,31.18450819672131,36.08467213114754,26.5494262295082,583.13,2515.26,62.11344262295082,2.5671311475409837,Rajasthan
2019,Rabi,20.800990566037736,28.614056603773587,14.19872641509434,53.21,3527.41,41.219669811320756,1.7766981132075472,Rajasthan
2020,Kharif,31.620327868852456,37.01180327868852,26.56204918032787,373.35,2544.84,59.50524590163935,2.503606557377049,Rajasthan
2020,Rabi,20.824319248826292,29.24478873239437,13.704225352112676,50.81,3621.02,37.68319248826291,1.8630516431924882,Rajasthan
2021,Kharif,31.29139344262295,36.23245901639344,26.659344262295082,436.28,2439.45,60.74672131147541,2.8652459016393443,Rajasthan
2021,Rabi,22.085,30.667830188679243,14.979669811320756,44.91,3705.0,36.669481132075475,1.9094811320754717,Rajasthan
2022,Kharif,30.00204918032787,34.67959016393443,25.661967213114757,576.47,2413.46,66.79262295081968,2.6465573770491804,Rajasthan
2022,Rabi,22.415235849056604,31.198396226415095,15.14245283018868,61.4,3808.84,37.78702830188679,1.9423584905660376,Rajasthan
2011,Kharif,29.840819672131147,33.600573770491806,26.36565573770492,1114.29,2150.93,76.20573770491804,2.3195901639344263,Uttar Pradesh
2011,Rabi,21.12198113207547,29.054481132075473,14.390943396226415,30.79,3429.54,50.27226415094339,1.524245283018868,Uttar Pradesh
2012,Kharif,31.283688524590165,35.6955737704918,27.033770491803278,1021.84,2205.84,67.13377049180328,2.4396721311475407,Uttar Pradesh
2012,Rabi,20.27150234741784,28.326854460093895,13.368075117370893,86.11,3518.25,51.027652582159625,1.7913615023474179,Uttar Pradesh
2013,Kharif,29.62532786885246,33.462786885245905,26.023196721311475,981.17,2168.28,77.60540983606558,2.1707377049180328,Uttar Pradesh
2013,Rabi,20.718301886792453,28.694811320754717,14.09943396226415,245.66,3332.21,54.68556603773585,1.8710849056603773,Uttar Pradesh
2014,Kharif,32.198934426229506,37.111311475409835,27.35344262295082,675.54,2375.84,60.762131147540984,2.0797540983606555,Uttar Pradesh
2014,Rabi,20.976462264150946,29.288726415094338,14.016084905660376,187.1,3282.99,46.61655660377358,1.9401415094339622,Uttar Pradesh
2015,Kharif,31.88188524590164,36.96950819672131,27.087377049180326,541.76,2478.75,60.198196721311476,2.2864754098360653,Uttar Pradesh
2015,Rabi,22.17816037735849,30.332169811320757,15.270990566037735,184.15,3216.9,42.3222641509434,1.7479716981132074,Uttar Pradesh
2016,Kharif,30.28532786885246,34.147295081967215,26.704754098360656,896.1899999999999,2171.3,74.59319672131149,2.0923770491803277,Uttar Pradesh
2016,Rabi,22.862910798122066,31.357417840375586,15.729014084507043,74.06,3381.17,37.305962441314556,1.7559154929577465,Uttar Pradesh
2017,Kharif,30.463032786885247,34.486639344262294,26.688606557377046,1024.24,2109.23,72.92409836065573,2.070655737704918,Uttar Pradesh
2017,Rabi,22.38080188679245,30.556650943396228,15.29438679245283,50.62,3449.79,42.763773584905664,1.706933962264151,Uttar Pradesh
2018,Kharif,30.582459016393443,34.56918032786885,26.89655737704918,1315.53,2001.62,73.19278688524591,2.4109016393442624,Uttar Pradesh
2018,Rabi,21.87891509433962,30.295896226415092,14.858349056603773,42.65,3475.93,44.040613207547175,1.7428773584905661,Uttar Pradesh
2019,Kharif,30.912704918032787,34.73754098360656,27.290491803278687,1171.93,2074.15,72.14844262295082,2.2771311475409837,Uttar Pradesh
2019,Rabi,20.656933962264148,27.922216981132078,14.400660377358491,125.58,3149.75,57.2161320754717,1.6765094339622642,Uttar Pradesh
2020,Kharif,29.76967213114754,33.771147540983605,26.133852459016392,788.01,2086.3,76.60344262295082,2.1195081967213114,Uttar Pradesh
2020,Rabi,20.631408450704225,28.571596244131456,14.111361502347417,165.91,3262.51,52.72826291079813,1.7502816901408451,Uttar Pradesh
2021,Kharif,29.503032786885246,33.10106557377049,26.250737704918034,1037.59,2047.65,79.82639344262294,2.096311475409836,Uttar Pradesh
2021,Rabi,21.75509433962264,29.61245283018868,15.051084905660376,159.6,3333.54,47.563726415094344,1.8355188679245282,Uttar Pradesh
2022,Kharif,31.687131147540985,36.352377049180326,27.372049180327867,686.3100000000001,2178.66,63.88811475409836,2.593688524590164,Uttar Pradesh
2022,Rabi,20.568537735849056,28.00462264150943,14.275471698113208,330.69,3359.42,61.42070754716981,1.7172641509433961,Uttar Pradesh
2011,Kharif,28.54581967213115,32.636721311475405,24.65122950819672,1120.7,2415.25,73.59778688524591,1.6708196721311475,Chandigarh
2011,Rabi,18.84254716981132,26.39858490566038,13.19245283018868,81.17,3551.9900000000002,46.76957547169811,1.7133962264150944,Chandigarh
2012,Kharif,30.871885245901638,35.985163934426225,26.062868852459015,761.14,2549.54,58.65032786885246,1.8951639344262297,Chandigarh
2012,Rabi,18.925164319248825,26.774976525821597,13.223896713615023,87.2,3528.42,41.122769953051645,1.888967136150235,Chandigarh
2013,Kharif,28.820409836065576,32.81147540983606,24.909918032786884,1174.1,2440.15,72.61442622950818,1.5352459016393443,Chandigarh
2013,Rabi,18.963962264150943,26.33570754716981,13.638632075471698,223.1,3406.2,49.07466981132075,1.8521698113207548,Chandigarh
2014,Kharif,31.703524590163934,37.26303278688525,26.480737704918035,557.51,2623.93,51.82754098360656,2.0229508196721313,Chandigarh
2014,Rabi,18.753301886792453,26.376603773584907,13.247311320754717,266.69,3408.7400000000002,46.53712264150944,1.872877358490566,Chandigarh
2015,Kharif,29.421639344262296,34.33295081967213,24.787950819672133,840.64,2563.15,62.88696721311475,1.7577868852459015,Chandigarh
2015,Rabi,19.41617924528302,26.784575471698112,14.022783018867925,278.99,3382.2,47.279481132075475,1.8676415094339622,Chandigarh
2016,Kharif,30.18532786885246,34.943360655737706,25.51270491803279,712.46,2542.28,63.45172131147541,1.5940983606557375,Chandigarh
2016,Rabi,20.75230046948357,28.93037558685446,14.938075117370891,116.72,3564.83,34.851361502347416,1.9136150234741784,Chandigarh
2017,Kharif,29.200327868852458,33.70877049180328,24.907459016393442,991.37,2491.03,67.66360655737704,1.6227049180327868,Chandigarh
2017,Rabi,19.83452830188679,27.704811320754718,14.153207547169812,193.66,3556.26,42.65971698113208,1.9210849056603774,Chandigarh
2018,Kharif,28.78844262295082,32.89368852459017,24.914836065573773,1270.35,2306.17,72.85770491803278,1.7394262295081968,Chandigarh
2018,Rabi,19.198679245283017,26.844669811320752,13.57504716981132,122.39,3634.3,45.88849056603774,1.8907075471698112,Chandigarh
2019,Kharif,30.270737704918034,34.93459016393442,25.798688524590165,849.83,2466.68,63.884098360655734,1.6586065573770492,Chandigarh
2019,Rabi,18.05938679245283,25.008396226415094,12.940424528301886,263.17,3244.63,54.88150943396226,1.7711792452830188,Chandigarh
2020,Kharif,29.43155737704918,34.16688524590164,24.94860655737705,802.1,2585.98,68.58319672131147,1.6604098360655737,Chandigarh
2020,Rabi,18.117464788732395,25.535258215962443,12.869577464788732,323.19,3448.5099999999998,50.97868544600939,1.8621596244131455,Chandigarh
2021,Kharif,29.265901639344264,33.71975409836066,24.959016393442624,992.6,2429.1,68.71827868852458,1.5581147540983606,Chandigarh
2021,Rabi,19.571415094339624,27.240896226415092,14.013254716981132,157.82,3527.73,46.41481132075472,1.9489622641509434,Chandigarh
2022,Kharif,29.236475409836064,33.537213114754095,25.18622950819672,1139.18,2462.37,70.54655737704918,1.7131147540983607,Chandigarh
2022,Rabi,19.302075471698114,26.322264150943393,14.119669811320755,246.48,3492.06,57.034905660377355,1.8995283018867923,Chandigarh
